0,0,0,0,0,0,0,0,0,0,0,0,0,0,0,0,0,0,0,0,0,0,0,0,0,0,0,0,3.3287e-51,0,1.2813e-50,1.4295e-49,5.142e-52,1.1628e-50,0,0,0,9.2994e-50,2.5798e-49,0,0,1.0945e-49,1.5351e-50,1.3044e-49,9.392e-50,0,0,1.1889e-49,0,2.8773e-49,1.0449e-49,5.1902e-50,9.015e-49,0,6.3071e-49,0,0,1.4048e-49,4.0761e-49,3.7356e-49,2.5613e-51,9.6094e-49,1.3807e-48,1.93e-49,0,1.0772e-48,6.629e-49,0,3.4757e-53,4.1603e-50,0,5.1561e-49,4.8716e-50,4.0697e-49,0,2.5775e-49,1.1479e-50,8.2612e-50,4.4302e-49,3.3841e-50,0,3.0586e-49,2.8348e-49,2.0669e-49,2.4031e-49,1.8514e-49,0,1.0452e-49,2.4149e-50,4.2865e-50,1.0259e-49,0,8.8174e-50,1.469e-49,0,1.4979e-49,2.3924e-49,5.9902e-51,2.129e-49,4.2552e-50,1.1376e-50,0,0,0,0,0,0,0,0,0,0,0,0,0,0,0,0,0,0,0,0,0,0,0,0,0,0,0
0,0,0,0,0,0,0,0,0,0,0,0,0,0,0,0,0,0,0,0,0,0,0,0,0,0,0,0,2.4933e-50,2.5411e-49,1.4261e-49,4.6381e-48,1.9549e-50,3.1241e-49,0,0,3.329e-49,3.1171e-48,8.9121e-48,0,0,3.9358e-48,6.9134e-49,3.5093e-48,2.0997e-48,1.2689e-48,1.2769e-48,1.0211e-48,0,4.9778e-48,4.0932e-48,0,1.5889e-47,0,1.4055e-47,4.7585e-49,0,2.5606e-48,5.706e-48,5.4185e-48,2.7903e-48,2.005e-47,2.8844e-47,5.1164e-49,1.0378e-48,2.6744e-47,1.4689e-47,0,0,0,0,1.4552e-47,2.4346e-48,7.3667e-48,0,7.1244e-48,2.3421e-49,7.6569e-49,9.6192e-48,3.0909e-48,0,4.8009e-48,6.2365e-48,6.232e-48,1.7963e-48,5.2485e-48,0,1.1381e-48,0,1.1015e-48,4.0887e-48,0,1.6484e-48,2.7139e-48,0,4.2045e-48,6.8049e-48,5.1783e-49,4.3188e-48,1.2153e-48,1.3438e-48,0,0,0,0,0,0,0,0,0,0,0,0,0,0,0,0,0,0,0,0,0,0,0,0,0,0,0
0,0,0,0,0,0,0,0,0,0,0,0,0,0,0,0,0,0,0,0,0,0,0,0,0,0,0,0,0,4.6343e-47,0,1.0933e-46,7.1193e-49,1.1304e-47,4.8452e-48,0,1.6727e-47,7.0879e-47,2.4835e-46,2.05e-49,0,1.0956e-46,1.5298e-47,1.0481e-46,3.2377e-47,4.5761e-47,6.5334e-47,1.33e-47,0,6.2337e-47,1.489e-46,0,2.1617e-46,0,2.8396e-46,3.6004e-47,0,2.8934e-47,3.713e-47,3.7838e-47,1.3676e-46,3.8664e-46,5.2036e-46,0,5.8439e-47,6.2516e-46,2.5525e-46,0,0,0,0,3.7081e-46,9.6808e-47,1.2601e-46,0,1.4755e-46,4.8512e-48,1.1802e-47,2.1333e-46,1.2231e-46,0,4.7961e-47,1.1991e-46,1.8644e-46,0,1.4705e-46,0,7.5147e-48,0,3.2587e-47,1.0111e-46,0,2.0966e-47,3.9386e-47,0,1.1706e-46,1.6209e-46,2.4092e-47,7.8032e-47,1.2578e-47,5.6058e-47,0,0,0,0,0,0,0,0,0,0,0,0,0,0,0,0,0,0,0,0,0,0,0,0,0,0,0
0,0,0,0,0,0,0,0,0,0,0,0,0,0,0,0,0,0,0,0,0,0,0,0,0,0,0,0,9.8563e-46,2.1548e-45,0,1.7559e-45,2.4495e-47,3.1011e-46,1.0558e-46,3.827e-46,5.1014e-46,1.2602e-45,5.6757e-45,2.8871e-46,0,2.5023e-45,2.1303e-46,2.7677e-45,1.2039e-46,4.9774e-46,1.737e-45,3.0637e-46,0,6.2385e-46,4.9109e-45,0,2.0428e-45,1.4522e-46,5.0203e-45,1.3149e-45,0,3.7735e-46,2.1652e-46,4.1334e-46,3.5052e-45,7.2361e-45,7.273e-45,0,2.079e-45,1.3563e-44,3.028e-45,0,0,0,0,8.5037e-45,3.1121e-45,2.4649e-45,0,2.1791e-45,1.1655e-46,3.1684e-46,4.6652e-45,3.0557e-45,3.387e-48,4.4376e-46,1.738e-45,5.3647e-45,0,3.7659e-45,0,7.8743e-47,0,1.0061e-45,1.5481e-45,0,5.3937e-48,6.0145e-46,0,3.0485e-45,3.1459e-45,7.8952e-46,1.395e-45,0,1.4442e-45,0,0,0,0,0,0,0,0,0,0,0,0,0,0,0,0,0,0,0,0,0,0,0,0,0,0,0
0,0,0,0,0,0,0,0,0,0,0,0,0,0,0,0,0,0,0,0,0,0,0,0,0,0,0,0,5.4886e-44,6.655e-44,0,1.2264e-44,8.0267e-46,1.2875e-44,1.6655e-45,2.0907e-44,1.0964e-44,1.9315e-44,1.0696e-43,1.0885e-44,0,4.5809e-44,6.7994e-46,5.4106e-44,1.0999e-46,0,1.914e-44,1.869e-44,0,1.3701e-44,1.3786e-43,9.0192e-45,1.6102e-44,7.803e-45,7.4054e-44,4.2986e-44,0,1.9832e-44,2.7121e-46,1.0902e-44,6.2901e-44,1.4284e-43,4.4393e-44,0,6.0882e-44,2.6988e-43,9.2098e-45,0,2.6559e-44,0,0,1.7164e-43,7.7721e-44,6.0615e-44,5.6302e-45,3.0157e-44,3.0451e-45,1.2272e-44,9.6476e-44,5.1535e-44,6.4719e-46,7.5195e-45,1.8179e-44,1.3898e-43,0,8.528e-44,0,3.5115e-45,0,3.2855e-44,4.2575e-45,0,0,1.5525e-44,0,6.804e-44,4.7487e-44,1.6691e-44,2.7538e-44,0,2.5348e-44,0,0,0,0,0,0,0,0,0,0,0,0,0,0,0,0,0,0,0,0,0,0,0,0,0,0,0
0,0,0,0,0,0,0,0,0,0,0,0,0,0,0,0,0,0,0,0,0,0,0,0,0,0,0,0,1.5356e-42,1.6071e-42,0,0,2.3967e-44,4.5585e-43,1.5023e-43,5.3388e-43,1.6626e-43,2.8972e-43,1.6517e-42,5.5749e-43,0,6.2971e-43,0,6.3041e-43,0,0,0,7.7119e-43,0,6.959e-43,3.266e-42,5.6887e-43,3.7638e-43,1.6238e-43,9.2727e-43,1.2897e-42,0,9.4698e-43,0,3.9227e-43,8.3366e-43,3.0862e-42,0,6.8565e-43,1.5123e-42,4.9126e-42,0,0,1.6382e-42,0,0,2.9671e-42,1.3742e-42,1.6161e-42,1.6243e-42,3.8742e-43,3.802e-43,8.0996e-43,1.8551e-42,4.4086e-43,3.5867e-46,4.773e-44,1.3254e-44,3.0862e-42,1.6531e-44,1.661e-42,0,1.8039e-43,0,8.7769e-43,0,0,0,5.0836e-43,0,1.2068e-42,4.9264e-43,2.0809e-43,5.9004e-43,0,2.5216e-43,0,0,0,0,0,0,0,0,0,0,0,0,0,0,0,0,0,0,0,0,0,0,0,0,0,0,0
0,0,0,0,0,0,0,0,0,0,0,0,0,0,0,0,0,0,0,0,0,0,0,0,0,0,0,0,3.0102e-41,3.1728e-41,0,0,6.1406e-43,1.2328e-41,8.1627e-42,9.1438e-42,3.7931e-42,4.8329e-42,2.0571e-41,1.6595e-41,0,8.3709e-42,0,5.1695e-43,0,0,0,2.3173e-41,0,2.7001e-41,6.6954e-41,1.8511e-41,1.5536e-41,1.8666e-42,1.409e-41,3.3374e-41,0,2.9694e-41,3.1135e-43,2.1963e-41,8.5544e-42,6.8005e-41,0,4.3061e-41,3.1996e-41,8.2878e-41,0,0,5.2146e-41,0,0,4.2943e-41,1.452e-41,4.0599e-41,6.2312e-41,4.4994e-42,1.0975e-41,2.8191e-41,3.3767e-41,0,0,0,0,5.7282e-41,1.5035e-41,2.7857e-41,0,9.4445e-42,3.6107e-42,2.0388e-41,0,0,0,1.4259e-41,0,1.5447e-41,1.632e-42,2.415e-43,1.2464e-41,2.5111e-44,7.9568e-43,0,0,0,0,0,0,0,0,0,0,0,0,0,0,0,0,0,0,0,0,0,0,0,0,0,0,0
0,0,0,0,0,0,0,0,0,0,0,0,0,0,0,0,0,0,0,0,0,0,0,0,0,0,0,0,4.3728e-40,5.025e-40,0,0,1.8233e-40,2.574e-40,2.5281e-40,1.3855e-40,1.3367e-40,9.1543e-41,2.0379e-40,3.4879e-40,0,1.0924e-40,0,0,0,0,0,5.3513e-40,0,7.6587e-40,1.2479e-39,4.6112e-40,4.4419e-40,6.5661e-42,3.9172e-40,7.1535e-40,0,6.509e-40,1.221e-40,7.5335e-40,9.6904e-41,1.3737e-39,0,1.2261e-39,5.967e-40,1.3362e-39,9.1165e-41,0,1.2114e-39,0,1.158e-41,5.2056e-40,1.2372e-41,9.2408e-40,1.5699e-39,5.5189e-41,1.7518e-40,7.1451e-40,5.9163e-40,0,0,0,0,8.8139e-40,5.5659e-40,4.2418e-40,0,3.1223e-40,1.7081e-40,4.3383e-40,0,0,0,3.1837e-40,0,1.2703e-40,3.4277e-43,0,2.4837e-40,5.9681e-42,0,0,0,0,0,0,0,0,0,0,0,0,0,0,0,0,0,0,0,0,0,0,0,0,0,0,0,0
0,0,0,0,0,0,0,0,0,0,0,0,0,0,0,0,0,0,0,0,0,0,0,0,0,0,0,0,4.6285e-39,5.7295e-39,0,0,5.5871e-39,3.3731e-39,4.9442e-39,2.0789e-39,4.4943e-39,1.8141e-39,1.6767e-39,6.4806e-39,0,1.4298e-39,0,0,0,0,0,9.5367e-39,0,1.6848e-38,2.2499e-38,9.9041e-39,7.8465e-39,3.151e-42,1.2114e-38,1.2503e-38,0,9.8572e-39,3.1897e-39,1.7257e-38,2.2792e-39,2.346e-38,0,2.38e-38,1.0038e-38,2.1293e-38,5.2627e-39,0,2.2304e-38,5.7735e-40,1.0621e-39,5.8116e-39,0,1.9045e-38,3.1348e-38,8.025e-40,1.7203e-39,1.4406e-38,1.0034e-38,0,0,0,0,1.1446e-38,1.3301e-38,6.6057e-39,0,8.0712e-39,4.7534e-39,8.6937e-39,0,0,0,5.7341e-39,6.2553e-41,9.0012e-40,0,0,4.7408e-39,1.5218e-40,0,0,0,0,0,0,0,0,0,0,0,0,0,0,0,0,0,0,0,0,0,0,0,0,0,0,0,0
0,0,0,0,0,0,0,0,0,0,0,0,0,0,0,0,0,0,0,0,0,0,0,0,0,0,0,0,3.2031e-38,2.5915e-38,0,0,1.0514e-37,2.347e-38,5.477e-38,3.4021e-38,1.2224e-37,3.4342e-38,1.5188e-38,1.1553e-37,0,4.063e-38,6.1918e-39,0,0,0,0,1.2123e-37,0,2.9587e-37,4.0922e-37,1.9231e-37,6.6611e-38,1.0013e-38,2.9443e-37,1.7742e-37,0,7.9516e-38,1.9021e-38,2.9171e-37,6.9804e-38,3.1354e-37,0,3.1989e-37,1.5426e-37,3.366e-37,1.2632e-37,0,3.3531e-37,5.3393e-39,2.0645e-38,8.0178e-38,0,3.5388e-37,5.2713e-37,1.1262e-38,1.0538e-38,2.3759e-37,1.636e-37,0,0,0,0,1.3795e-37,2.4215e-37,1.1547e-37,0,1.7321e-37,8.4569e-38,1.6321e-37,0,0,0,8.5989e-38,1.3713e-39,2.183e-39,0,0,8.8396e-38,2.1595e-39,0,0,0,0,0,0,0,0,0,0,0,0,0,0,0,0,0,0,0,0,0,0,0,0,0,0,0,0
0,0,0,0,0,0,0,0,0,0,0,0,0,0,0,0,0,0,0,0,0,0,0,0,0,0,0,0,8.9735e-38,0,0,1.4999e-37,1.4168e-36,0,0,5.6756e-37,2.5816e-36,5.9987e-37,1.575e-37,1.9291e-36,0,1.2449e-36,5.8481e-37,6.3593e-37,0,0,0,6.1004e-37,5.6525e-38,4.1778e-36,7.5429e-36,3.3928e-36,0,5.3339e-37,5.37e-36,2.0599e-36,0,0,3.1039e-38,3.6109e-36,1.856e-36,2.7195e-36,0,2.1732e-36,2.2223e-36,5.104e-36,1.8294e-36,0,4.1781e-36,0,2.1017e-37,1.5855e-36,0,5.8664e-36,7.7038e-36,1.554e-37,2.0662e-37,3.2361e-36,2.5322e-36,2.2318e-37,4.7461e-38,0,0,1.9585e-36,3.4757e-36,2.1426e-36,0,3.1643e-36,1.043e-36,2.8294e-36,0,0,1.1814e-37,1.1555e-36,3.5288e-38,0,0,0,1.603e-36,1.3524e-38,2.785e-38,0,0,0,0,0,0,0,0,0,0,0,0,0,0,0,0,0,0,0,0,0,0,0,0,0,0,0
0,0,0,0,0,0,0,0,0,0,0,0,0,0,0,0,0,0,0,0,0,0,0,0,0,0,0,0,2.8372e-37,0,0,5.9615e-36,1.3522e-35,0,0,7.7427e-36,4.0871e-35,8.8954e-36,1.5295e-36,2.7217e-35,0,2.5786e-35,2.031e-35,2.1189e-35,0,0,1.4493e-35,0,1.6105e-35,4.506e-35,1.3438e-34,5.3486e-35,0,3.5893e-35,7.0296e-35,1.9443e-35,0,0,0,2.6758e-35,4.1534e-35,8.0879e-37,0,0,3.1403e-35,6.8685e-35,1.4765e-35,0,4.2266e-35,0,7.3594e-38,3.2536e-35,0,8.2911e-35,9.7019e-35,0,1.042e-35,3.576e-35,3.6282e-35,1.5089e-35,2.3775e-36,0,0,3.6908e-35,3.6907e-35,3.6558e-35,0,4.8676e-35,7.4146e-36,4.3977e-35,0,0,5.5954e-36,1.5759e-35,1.2596e-36,0,0,4.5555e-36,2.6967e-35,0,3.5772e-36,0,0,0,0,0,0,0,0,0,0,0,0,0,0,0,0,0,0,0,0,0,0,0,0,0,0,0
0,0,0,0,0,0,0,0,0,0,0,0,0,0,0,0,0,0,0,0,0,0,0,0,0,0,0,0,5.5012e-35,0,2.2285e-35,1.2223e-34,7.6369e-35,0,1.3144e-34,6.1645e-35,4.5985e-34,8.1891e-35,1.8476e-35,2.9035e-34,4.9219e-35,3.997e-34,4.0903e-34,3.5035e-34,0,0,5.3808e-34,0,3.5847e-34,3.1078e-34,2.2339e-33,6.9828e-34,0,9.4467e-34,5.6965e-34,1.4313e-34,0,0,0,3.871e-35,8.1461e-34,0,0,0,4.792e-34,7.597e-34,7.5932e-35,0,3.2626e-34,0,0,5.4833e-34,0,9.432e-34,1.0249e-33,0,3.4916e-34,3.2807e-34,4.6096e-34,4.4326e-34,1.7702e-34,0,0,7.5834e-34,2.3108e-34,5.3036e-34,1.1747e-35,6.2866e-34,7.3838e-36,6.1293e-34,0,0,8.3091e-35,2.4844e-34,4.9351e-35,0,0,2.1716e-34,4.0881e-34,0,7.0296e-35,0,0,0,0,0,0,0,0,0,0,0,0,0,0,0,0,0,0,0,0,0,0,0,0,0,0,0
0,0,0,0,0,0,0,0,0,0,0,0,0,0,0,0,0,0,0,0,0,0,0,0,0,0,0,0,2.1364e-33,0,7.6062e-34,1.6471e-33,3.8073e-35,0,3.4069e-33,0,2.9851e-33,1.6923e-35,8.9689e-34,1.8952e-33,2.243e-33,4.9482e-33,6.9572e-33,4.0121e-33,0,0,1.0898e-32,0,5.0843e-33,1.3221e-33,3.3978e-32,6.9332e-33,0,1.7393e-32,4.4658e-34,4.8275e-34,0,0,0,0,1.4389e-32,0,0,0,8.2693e-33,6.1827e-33,1.2936e-33,0,1.8205e-33,0,0,6.8574e-33,0,7.5786e-33,8.2685e-33,0,8.9095e-33,3.1306e-33,4.9579e-33,8.2507e-33,6.6732e-33,0,0,1.4238e-32,0,6.3622e-33,6.9387e-34,6.8548e-33,0,7.8354e-33,6.8427e-34,0,4.3748e-34,4.3435e-33,1.3971e-33,1.1325e-34,0,5.0622e-33,5.5552e-33,0,6.3549e-34,0,0,0,0,0,0,0,0,0,0,0,0,0,0,0,0,0,0,0,0,0,0,0,0,0,0,0
0,0,0,0,0,0,0,0,0,0,0,0,0,0,0,0,0,0,0,0,0,0,0,0,0,0,0,0,5.0538e-32,2.7824e-35,1.7747e-32,1.3196e-32,4.7221e-34,9.7324e-33,5.1246e-32,0,8.852e-33,0,3.7744e-32,9.5943e-34,4.0288e-32,5.2397e-32,1.127e-31,3.9467e-32,0,0,1.7149e-31,0,5.2948e-32,1.0517e-32,4.6802e-31,4.4881e-32,0,2.5668e-31,0,0,0,0,0,0,2.3121e-31,0,0,0,1.495e-31,2.6041e-32,2.0353e-32,0,1.2611e-32,0,0,5.2215e-32,0,1.9752e-32,3.0765e-32,0,1.8469e-31,4.9166e-32,4.3086e-32,1.2967e-31,1.2556e-31,0,0,2.3332e-31,0,6.1996e-32,9.2973e-33,6.5209e-32,0,9.4792e-32,1.7812e-32,0,0,7.3041e-32,2.1812e-32,1.5179e-32,0,8.6508e-32,6.8814e-32,0,1.6742e-33,0,0,0,0,0,0,0,0,0,0,0,0,0,0,0,0,0,0,0,0,0,0,0,0,0,0,0
0,0,0,0,0,0,0,0,0,0,0,0,0,0,0,0,0,0,0,0,0,0,0,0,0,0,0,0,8.7801e-31,1.1377e-32,2.42e-31,1.2767e-31,3.8308e-33,1.7521e-31,6.3887e-31,0,3.913e-32,0,1.0354e-30,0,5.434e-31,5.1614e-31,1.7651e-30,5.0212e-31,0,0,2.3003e-30,0,4.0845e-31,9.9468e-32,5.8022e-30,2.2494e-31,0,3.2489e-30,0,0,0,0,0,0,3.3792e-30,0,0,0,2.553e-30,3.7467e-32,3.0423e-31,0,1.4348e-33,0,0,1.7482e-33,0,0,0,0,3.2511e-30,1.0586e-30,3.0996e-31,1.948e-30,1.7936e-30,0,0,3.3598e-30,0,4.5769e-31,7.9348e-32,5.8776e-31,0,1.0972e-30,2.2116e-31,0,0,1.0829e-30,2.551e-31,4.8083e-31,0,1.1659e-30,8.0287e-31,0,5.3445e-33,0,0,0,0,0,0,0,0,0,0,0,0,0,0,0,0,0,0,0,0,0,0,0,0,0,0,0
0,0,0,0,0,0,0,0,0,0,0,0,0,0,0,0,0,0,0,0,0,0,0,0,0,0,0,0,1.1574e-29,4.8299e-32,2.8585e-30,7.9197e-31,2.8834e-34,1.305e-30,7.2063e-30,0,1.5819e-30,0,2.0472e-29,4.2841e-31,6.2435e-30,4.9426e-30,2.5638e-29,9.0401e-30,0,0,2.7245e-29,0,2.0566e-30,1.163e-30,6.4551e-29,2.7049e-30,0,3.7043e-29,0,0,0,0,0,0,4.4716e-29,0,0,0,3.9019e-29,5.4705e-31,3.9346e-30,0,0,0,0,0,0,0,0,0,4.9536e-29,2.0718e-29,2.8705e-30,2.8933e-29,2.1427e-29,0,0,4.3325e-29,0,3.5951e-30,6.6553e-31,5.4593e-30,1.6355e-30,1.1789e-29,1.6673e-30,0,0,1.3788e-29,2.5672e-30,1.0211e-29,0,1.2458e-29,9.1337e-30,0,6.977e-31,0,0,0,0,0,0,0,0,0,0,0,0,0,0,0,0,0,0,0,0,0,0,0,0,0,0,0
0,0,0,0,0,0,0,0,0,0,0,0,0,0,0,0,0,0,0,0,0,0,0,0,0,0,0,0,1.1041e-28,0,2.4356e-29,2.1296e-30,0,0,6.7624e-29,7.348e-31,4.2183e-29,0,3.1137e-28,1.3616e-29,6.4537e-29,4.2344e-29,3.3044e-28,1.5953e-28,2.1551e-29,0,2.8526e-28,0,1.7155e-31,1.1901e-29,6.4614e-28,3.1124e-29,0,3.9314e-28,0,0,0,0,0,0,5.3215e-28,0,0,0,5.2669e-28,1.0835e-29,3.8789e-29,0,0,0,0,0,0,0,0,0,6.6e-28,3.3497e-28,5.3263e-29,4.087e-28,2.2641e-28,0,0,5.1022e-28,0,2.4927e-29,1.0082e-29,4.829e-29,7.2718e-29,1.1063e-28,2.033e-30,0,0,1.5124e-28,2.5081e-29,1.5951e-28,1.4024e-29,1.0115e-28,1.0325e-28,0,2.5239e-29,0,0,0,0,0,0,0,0,0,0,0,0,0,0,0,0,0,0,0,0,0,0,0,0,0,0,0
0,0,0,0,0,0,0,0,0,0,0,0,0,0,0,0,0,0,0,0,0,0,0,0,0,0,0,0,5.8475e-28,0,1.2011e-28,0,1.42e-28,0,3.5938e-28,1.4499e-28,6.5472e-28,0,3.7746e-27,2.0112e-28,6.2679e-28,2.5014e-28,3.6795e-27,2.3345e-27,5.9567e-28,0,2.5564e-27,0,0,6.3264e-29,5.8862e-27,3.3395e-28,0,3.923e-27,0,0,0,0,0,0,5.6433e-27,0,0,0,6.3177e-27,9.7683e-28,2.1669e-28,0,0,2.1008e-28,0,0,0,0,0,0,7.7529e-27,4.5171e-27,1.0448e-27,5.2078e-27,2.2578e-27,0,1.6477e-28,5.5836e-27,0,7.9983e-29,2.0494e-28,2.7495e-28,1.5372e-27,8.4212e-28,0,0,0,1.461e-27,2.4266e-28,1.8653e-27,4.9217e-28,5.3299e-28,1.155e-27,0,4.4177e-28,0,0,0,0,0,0,0,0,0,0,0,0,0,0,0,0,0,0,0,0,0,0,0,0,0,0,0
0,0,0,0,0,0,0,0,0,0,0,0,0,0,0,0,0,0,0,0,0,0,0,0,0,0,0,0,0,0,0,1.2602e-28,4.1278e-27,0,5.5477e-28,3.661e-27,7.8734e-27,0,3.7414e-26,1.9e-27,6.383e-27,7.6216e-28,3.5147e-26,2.8216e-26,7.7815e-27,0,1.8036e-26,0,0,0,5.0032e-26,5.749e-27,0,3.6715e-26,9.6105e-27,4.2378e-27,0,0,0,0,5.2979e-26,0,0,0,6.8787e-26,2.1368e-26,0,0,0,4.7097e-27,0,0,0,0,0,0,8.1385e-26,5.2155e-26,1.5687e-26,5.8241e-26,2.2939e-26,0,4.1928e-27,5.7901e-26,0,0,5.368e-27,0,2.4133e-26,5.0906e-27,0,0,0,1.3049e-26,1.9729e-27,1.5904e-26,7.318e-27,8.9472e-28,1.2637e-26,1.3483e-27,5.2437e-27,0,0,0,0,0,0,0,0,0,0,0,0,0,0,0,0,0,0,0,0,0,0,0,0,0,0,0
0,0,0,0,0,0,0,0,0,0,0,0,0,0,0,0,0,0,0,0,0,0,0,0,0,0,0,0,0,2.5795e-27,0,4.4187e-27,5.5566e-26,0,9.3095e-27,3.7334e-26,8.0008e-26,0,3.0657e-25,1.1648e-26,6.2615e-26,0,2.8602e-25,2.8588e-25,7.6012e-26,0,7.1665e-26,0,0,0,4.0231e-25,4.2369e-26,0,3.179e-25,1.846e-25,1.2663e-25,0,0,0,0,4.3231e-25,0,0,0,6.9013e-25,3.2198e-25,0,0,0,4.7505e-26,0,2.8651e-27,3.0967e-27,2.2769e-26,0,0,7.6354e-25,5.192e-25,1.7276e-25,5.5921e-25,2.4183e-25,0,6.6022e-26,5.6972e-25,0,0,9.1757e-26,0,3.1031e-25,3.3426e-26,0,0,0,1.1395e-25,1.1505e-26,8.4088e-26,7.7821e-26,0,1.3146e-25,2.401e-26,4.7607e-26,0,0,0,0,0,0,0,0,0,0,0,0,0,0,0,0,0,0,0,0,0,0,0,0,0,0,0
0,0,0,0,0,0,0,0,0,0,0,0,0,0,0,0,0,0,0,0,0,0,0,0,0,0,0,0,3.4828e-25,1.9834e-25,0,5.8356e-26,4.5979e-25,6.2269e-26,5.8384e-25,2.2593e-25,6.2866e-25,0,2.1453e-24,4.4589e-26,5.7271e-25,0,2.0161e-24,2.482e-24,6.6256e-25,0,9.7968e-26,0,0,0,3.0481e-24,9.5059e-26,5.3621e-25,2.5604e-24,2.3076e-24,1.9998e-24,0,0,0,0,3.0441e-24,0,0,0,6.5359e-24,3.9003e-24,0,0,5.163e-26,3.1306e-25,0,4.2823e-25,1.7409e-26,1.0643e-24,3.2782e-25,0,6.4167e-24,4.4778e-24,1.3595e-24,4.5757e-24,2.5166e-24,0,7.4607e-25,5.3057e-24,0,0,1.2782e-24,0,3.3803e-24,2.5816e-25,0,0,3.8752e-25,1.0115e-24,8.0888e-26,9.4838e-26,6.189e-25,0,1.2714e-24,2.2193e-25,3.8229e-25,0,0,0,0,0,0,0,0,0,0,0,0,0,0,0,0,0,0,0,0,0,0,0,0,0,0,0
0,0,0,0,0,0,0,0,0,0,0,0,0,0,0,0,0,0,0,0,0,0,0,0,0,0,0,0,3.9672e-24,3.389e-24,0,4.2842e-25,1.7862e-24,1.3139e-24,6.1353e-24,3.1744e-25,4.6935e-24,0,1.3954e-23,2.4135e-25,4.6985e-24,0,1.2982e-23,1.879e-23,5.9169e-24,0,0,0,0,0,2.0849e-23,0,1.3057e-23,1.9541e-23,2.2869e-23,2.4307e-23,0,1.5795e-24,0,0,1.8859e-23,0,0,1.4758e-24,5.9759e-23,4.0237e-23,0,0,3.1333e-24,3.121e-24,0,1.1763e-23,0,1.8034e-23,1.277e-23,0,4.8298e-23,3.3342e-23,6.8095e-24,3.1675e-23,2.4138e-23,0,7.0894e-24,4.6348e-23,0,4.0474e-24,1.5225e-23,0,3.1528e-23,2.4738e-24,0,0,7.0384e-24,8.9156e-24,2.5167e-25,0,3.1515e-24,0,1.1231e-23,1.2594e-24,3.3057e-24,0,0,0,0,0,0,0,0,0,0,0,0,0,0,0,0,0,0,0,0,0,0,0,0,0,0,0
0,0,0,0,0,0,0,0,0,0,0,0,0,0,0,0,0,0,0,0,0,0,0,0,0,0,0,0,1.0266e-23,2.8412e-23,0,6.8789e-25,0,5.4628e-24,2.5977e-23,0,4.0654e-23,0,9.7641e-23,2.049e-23,3.3106e-23,6.8948e-24,8.3555e-23,1.2568e-22,5.5583e-23,0,0,0,0,1.6038e-24,1.1709e-22,0,1.7144e-22,1.425e-22,1.8626e-22,2.5069e-22,0,1.7971e-22,0,0,1.1219e-22,0,0,1.5649e-22,5.3257e-22,3.6378e-22,0,0,8.0166e-23,5.8737e-23,0,1.3704e-22,0,2.3171e-22,1.9587e-22,0,3.258e-22,2.1071e-22,7.5689e-24,1.815e-22,2.04e-22,0,6.0357e-23,3.7557e-22,0,8.0586e-23,1.5606e-22,0,2.5128e-22,2.267e-23,0,0,7.4501e-23,7.313e-23,0,0,5.8949e-25,0,8.9889e-23,5.1879e-24,3.2119e-23,0,0,0,0,0,0,0,0,0,0,0,0,0,0,0,0,0,0,0,0,0,0,0,0,0,0,0
0,0,0,0,0,0,0,0,0,0,0,0,0,0,0,0,0,0,0,0,0,0,0,0,0,0,0,0,0,1.4032e-22,0,5.7817e-23,0,0,1.7017e-24,0,4.046e-22,0,7.8834e-22,5.3426e-22,1.876e-22,7.9653e-23,5.6135e-22,7.5772e-22,5.0109e-22,0,0,0,0,1.6294e-22,4.2375e-22,0,1.8079e-21,9.6564e-22,1.2242e-21,2.2872e-21,1.1496e-22,2.6106e-21,0,0,7.5337e-22,0,0,2.4741e-21,4.5849e-21,2.9318e-21,0,0,1.3374e-21,9.3769e-22,2.0849e-23,1.1454e-21,0,2.4692e-21,2.1179e-21,0,1.997e-21,1.0768e-21,0,7.9678e-22,1.4862e-21,0,4.734e-22,2.8055e-21,6.4282e-23,8.4289e-22,1.3788e-21,0,1.6924e-21,1.5476e-22,0,0,5.8723e-22,5.2974e-22,0,0,0,1.1948e-23,6.5839e-22,6.0231e-23,2.9452e-22,0,0,0,0,0,0,0,0,0,0,0,0,0,0,0,0,0,0,0,0,0,0,0,0,0,0,0
0,0,0,0,0,0,0,0,0,0,0,0,0,0,0,0,0,0,0,0,0,0,0,0,0,0,0,0,0,3.0911e-22,2.1355e-22,8.7543e-22,0,0,7.8043e-22,1.9006e-22,4.0272e-21,0,6.5647e-21,6.2304e-21,7.3313e-22,2.8743e-22,3.5405e-21,4.3561e-21,3.9252e-21,0,0,0,0,4.0586e-21,7.1136e-23,0,1.674e-20,5.6555e-21,5.9228e-21,1.88e-20,3.6632e-21,2.6245e-20,0,7.0087e-22,6.0187e-21,2.8471e-21,0,2.7351e-20,3.7317e-20,2.1271e-20,0,0,1.5247e-20,1.1494e-20,1.7839e-21,7.7643e-21,0,2.222e-20,1.8892e-20,0,1.1676e-20,3.7514e-21,0,1.7682e-21,9.1862e-21,0,3.4422e-21,1.9388e-20,4.4825e-21,6.5664e-21,1.0622e-20,0,9.4349e-21,5.2149e-22,0,0,3.8957e-21,3.365e-21,0,0,0,2.0557e-22,4.5689e-21,1.0875e-21,2.1761e-21,0,0,0,0,0,0,0,0,0,0,0,0,0,0,0,0,0,0,0,0,0,0,0,0,0,0,0
0,0,0,0,0,0,0,0,0,0,0,0,0,0,0,0,0,0,0,0,0,0,0,0,0,0,0,0,6.3007e-21,7.7821e-22,5.8471e-21,8.2834e-21,0,0,2.3259e-20,3.943e-21,3.724e-20,0,4.923e-20,4.9266e-20,2.6768e-21,0,1.673e-20,2.7006e-20,2.4954e-20,0,0,0,0,7.4225e-20,2.0175e-22,0,1.3814e-19,2.4724e-20,1.2352e-20,1.3993e-19,4.2235e-20,2.1595e-19,0,2.0057e-20,4.9709e-20,3.5677e-20,0,2.4465e-19,2.8078e-19,1.3918e-19,0,0,1.4259e-19,1.1005e-19,2.1565e-20,4.71e-20,0,1.6947e-19,1.4776e-19,0,7.1443e-20,6.243e-21,0,0,4.654e-20,0,2.4771e-20,1.2574e-19,5.6263e-20,4.1246e-20,7.3348e-20,1.2564e-21,4.2147e-20,0,0,0,2.5079e-20,2.0117e-20,6.8625e-22,0,0,1.1116e-21,3.1562e-20,1.3597e-20,1.1812e-20,0,0,0,0,0,0,0,0,0,0,0,0,0,0,0,0,0,0,0,0,0,0,0,0,0,0,0
0,0,0,0,0,0,0,0,0,0,0,0,0,0,0,0,0,0,0,0,0,0,0,0,0,0,0,0,8.3505e-20,3.5298e-21,8.2137e-20,5.8803e-20,0,0,2.0152e-19,8.0238e-20,3.1234e-19,0,3.1224e-19,2.8541e-19,5.3924e-21,0,4.5231e-20,2.0127e-19,1.2006e-19,0,0,0,0,6.8056e-19,8.7123e-22,0,1.0019e-18,7.154e-20,1.4074e-20,9.413e-19,3.5635e-19,1.5481e-18,0,2.2077e-19,3.7838e-19,2.1718e-19,0,1.8404e-18,1.9237e-18,8.1544e-19,0,0,1.1528e-18,8.3681e-19,1.7951e-19,2.9277e-19,0,1.0953e-18,1.0454e-18,0,4.9056e-19,7.3736e-24,7.192e-20,0,1.7767e-19,0,1.8714e-19,7.7984e-19,4.7903e-19,2.2024e-19,4.7351e-19,4.1308e-20,1.4501e-19,0,0,0,1.6137e-19,1.3235e-19,2.0591e-20,0,0,0,2.2312e-19,1.17e-19,5.3563e-20,0,0,0,0,0,0,0,0,0,0,0,0,0,0,0,0,0,0,0,0,0,0,0,0,0,0,0
0,0,0,0,0,0,0,0,0,0,0,0,0,0,0,0,0,0,0,0,0,0,0,0,0,0,0,0,5.7096e-19,2.4226e-19,8.3613e-19,3.3618e-19,1.9619e-19,0,1.076e-18,8.8154e-19,2.3298e-18,0,1.6599e-18,1.1938e-18,2.8074e-20,0,0,1.7081e-18,5.3937e-19,0,0,0,3.2379e-19,4.5589e-18,1.3618e-20,0,6.2583e-18,4.4457e-19,0,5.7235e-18,2.4522e-18,9.9507e-18,0,1.6198e-18,2.6558e-18,5.7175e-19,0,1.177e-17,1.1983e-17,4.2357e-18,0,0,8.1896e-18,5.0443e-18,1.0985e-18,2.0467e-18,0,6.0069e-18,6.782e-18,0,3.6515e-18,0,1.1269e-18,0,2.4487e-19,0,1.2891e-18,4.6917e-18,3.0875e-18,1.1195e-18,2.9716e-18,4.2412e-19,4.0929e-19,0,0,0,9.9589e-19,1.0383e-18,1.9588e-19,0,0,0,1.5879e-18,7.1043e-19,1.8924e-19,0,0,0,0,0,0,0,0,0,0,0,0,0,0,0,0,0,0,0,0,0,0,0,0,0,0,0
0,0,0,0,0,0,0,0,0,0,0,0,0,0,0,0,0,0,0,0,0,0,0,0,0,0,0,0,2.9628e-18,2.9938e-18,6.59e-18,1.6371e-18,3.227e-18,7.2289e-19,2.9206e-18,7.2078e-18,1.4893e-17,0,7.5564e-18,2.8987e-18,7.0556e-19,0,0,1.4345e-17,2.8357e-18,0,0,0,3.4316e-18,2.3908e-17,2.5877e-18,0,3.27e-17,2.9217e-18,0,3.145e-17,1.3933e-17,5.6994e-17,0,8.0519e-18,1.8205e-17,0,0,6.2951e-17,6.8127e-17,1.9878e-17,0,0,5.0541e-17,2.2911e-17,5.2696e-18,1.4796e-17,0,2.7904e-17,3.9707e-17,0,2.6901e-17,6.5861e-20,9.1531e-18,0,0,0,8.2493e-18,2.7148e-17,1.4474e-17,6.0471e-18,1.8047e-17,3.3226e-18,1.8907e-18,0,0,0,5.2933e-18,8.4868e-18,1.0941e-18,0,0,0,1.0871e-17,2.8685e-18,7.6212e-19,0,0,0,0,0,0,0,0,0,0,0,0,0,0,0,0,0,0,0,0,0,0,0,0,0,0,0
0,0,0,0,0,0,0,0,0,0,0,0,0,0,0,0,0,0,0,0,0,0,0,0,0,0,0,0,1.1689e-17,2.1709e-17,4.1085e-17,7.5522e-18,2.4572e-17,9.5307e-18,1.7278e-18,4.5672e-17,7.8426e-17,0,3.1683e-17,0,9.2734e-18,0,0,1.1046e-16,2.1457e-17,0,0,0,2.8322e-17,9.7939e-17,6.0364e-17,0,1.4347e-16,1.9038e-17,0,1.5902e-16,6.2635e-17,2.8216e-16,0,2.0991e-17,1.2706e-16,0,0,2.6906e-16,3.602e-16,8.6971e-17,0,0,2.6448e-16,6.5444e-17,1.5976e-17,9.4931e-17,0,1.1151e-16,2.0252e-16,0,1.8706e-16,1.2146e-17,5.2775e-17,0,0,0,4.9807e-17,1.4826e-16,3.6105e-17,3.364e-17,1.0159e-16,1.994e-17,1.9249e-17,0,0,0,1.7115e-17,6.2535e-17,2.9095e-18,0,0,0,6.9634e-17,5.2551e-18,5.6186e-18,0,0,0,0,0,0,0,0,0,0,0,0,0,0,0,0,0,0,0,0,0,0,0,0,0,0,0
0,0,0,0,0,0,0,0,0,0,0,0,0,0,0,0,0,0,0,0,0,0,0,0,0,0,0,0,1.5703e-17,9.9694e-17,2.0003e-16,3.9862e-17,1.4341e-16,7.8751e-17,0,2.2616e-16,3.2303e-16,0,1.385e-16,0,7.7255e-17,0,0,7.6544e-16,1.8965e-16,0,0,0,2.269e-16,2.7753e-16,5.7771e-16,0,5.3116e-16,1.1618e-16,0,7.7539e-16,1.8334e-16,1.1385e-15,0,0,8.7466e-16,0,0,7.9456e-16,1.8269e-15,4.1043e-16,0,0,1.1223e-15,1.4096e-16,0,4.8143e-16,0,4.0943e-16,8.4951e-16,0,1.2234e-15,1.7275e-16,2.3615e-16,5.4619e-17,0,0,3.145e-16,7.5234e-16,8.9854e-18,1.6373e-16,5.0227e-16,7.9249e-17,1.8767e-16,0,0,0,0,3.9321e-16,0,0,0,0,4.1584e-16,0,4.4267e-17,0,0,0,0,0,0,0,0,0,0,0,0,0,0,0,0,0,0,0,0,0,0,0,0,0,0,0
0,0,0,0,0,0,0,0,0,0,0,0,0,0,0,0,0,0,0,0,0,0,0,0,0,0,0,0,0,1.9939e-16,6.9274e-16,2.6917e-16,7.5138e-16,7.5964e-16,3.5005e-17,8.6682e-16,9.2641e-16,0,6.8635e-16,0,4.8179e-16,2.6504e-16,0,4.7728e-15,1.4915e-15,0,0,0,1.1214e-15,3.8438e-16,4.0625e-15,0,1.6366e-15,6.5296e-16,0,3.9089e-15,0,3.316e-15,0,0,5.5449e-15,0,0,7.3615e-16,9.1874e-15,2.3895e-15,0,0,3.4811e-15,0,0,1.7011e-15,0,1.6206e-15,2.6525e-15,0,7.5696e-15,1.9461e-15,9.1403e-16,1.3804e-15,0,0,1.802e-15,3.5488e-15,0,5.7118e-16,2.0925e-15,8.3313e-17,1.4782e-15,0,0,0,0,2.1091e-15,0,0,0,7.6679e-17,2.3294e-15,0,2.5163e-16,0,0,0,0,0,0,0,0,0,0,0,0,0,0,0,0,0,0,0,0,0,0,0,0,0,0,0
0,0,0,0,0,0,0,0,0,0,0,0,0,0,0,0,0,0,0,0,0,0,0,0,0,0,0,0,4.9831e-18,7.2455e-16,1.3238e-15,3.2222e-15,4.0511e-15,6.3582e-15,5.1373e-16,1.8731e-15,1.5067e-15,0,3.705e-15,0,2.8502e-15,2.7762e-15,0,2.677e-14,9.6376e-15,0,0,0,4.3935e-15,6.2536e-16,2.3546e-14,0,4.5548e-15,3.4055e-15,0,2.1242e-14,0,4.4561e-15,0,0,3.083e-14,0,0,0,4.6708e-14,1.5909e-14,0,0,5.0807e-15,0,0,2.7219e-15,0,8.1149e-15,4.9028e-15,0,4.3995e-14,1.7668e-14,3.9969e-15,1.2609e-14,0,0,8.5074e-15,1.5997e-14,0,8.3791e-16,7.2789e-15,0,9.946e-15,0,0,0,0,9.9337e-15,0,0,0,3.2386e-15,1.2232e-14,0,8.9318e-16,0,0,0,0,0,0,0,0,0,0,0,0,0,0,0,0,0,0,0,0,0,0,0,0,0,0,0
0,0,0,0,0,0,0,0,0,0,0,0,0,0,0,0,0,0,0,0,0,0,0,0,0,0,0,0,5.8635e-16,1.8751e-15,0,2.6347e-14,2.3129e-14,4.1872e-14,1.3765e-16,0,1.4893e-16,0,2.0227e-14,0,1.4901e-14,2.1151e-14,8.7726e-15,1.3419e-13,5.3401e-14,0,0,0,1.1419e-14,0,1.1677e-13,0,1.4365e-14,3.4668e-14,0,1.2045e-13,0,0,0,0,1.4789e-13,0,0,0,2.3921e-13,9.7543e-14,0,0,0,0,0,5.5374e-15,0,4.9283e-14,9.56e-15,0,2.3565e-13,1.1189e-13,2.457e-14,8.0734e-14,0,0,3.184e-14,7.2977e-14,0,0,2.3431e-14,0,6.0052e-14,0,0,0,0,4.3208e-14,0,4.2397e-16,0,2.6771e-14,5.9399e-14,0,9.5676e-16,0,0,0,0,0,0,0,0,0,0,0,0,0,0,0,0,0,0,0,0,0,0,0,0,0,0,0
0,0,0,0,0,0,0,0,0,0,0,0,0,0,0,0,0,0,0,0,0,0,0,0,0,0,0,0,3.6481e-15,1.1959e-15,0,1.6153e-13,1.2735e-13,2.1053e-13,4.4903e-15,0,0,0,1.0726e-13,2.3972e-14,7.4451e-14,9.2691e-14,6.8416e-14,5.9404e-13,2.6696e-13,0,6.2142e-15,0,2.9702e-16,0,4.9488e-13,0,6.4689e-14,2.0274e-13,0,6.6491e-13,0,1.9263e-14,0,0,6.1891e-13,0,0,0,1.2118e-12,5.1659e-13,0,0,0,6.0498e-15,0,4.1465e-14,0,3.1908e-13,9.1212e-14,0,1.1426e-12,5.5655e-13,1.7012e-13,4.1311e-13,0,0,9.2199e-14,3.5681e-13,0,8.9866e-16,9.8819e-14,0,3.3131e-13,0,0,0,0,1.8285e-13,0,3.0284e-14,0,1.4416e-13,2.6116e-13,0,0,0,0,0,0,0,0,0,0,0,0,0,0,0,0,0,0,0,0,0,0,0,0,0,0,0,0,0
0,0,0,0,0,0,0,0,0,0,0,0,0,0,0,0,0,0,0,0,0,0,0,0,0,0,0,0,1.4629e-14,0,0,8.0835e-13,6.0733e-13,7.9119e-13,1.9239e-14,0,0,0,5.3627e-13,6.071e-13,3.6602e-13,1.87e-13,3.2578e-13,2.2924e-12,1.1125e-12,0,8.3497e-17,0,0,0,1.7213e-12,0,3.9611e-13,7.2746e-13,0,3.397e-12,0,9.5892e-13,0,0,2.3463e-12,0,0,0,5.9553e-12,2.3746e-12,0,0,5.3384e-14,6.1923e-13,0,3.7041e-13,1.5703e-14,2.043e-12,1.282e-12,0,4.9846e-12,2.2611e-12,1.0445e-12,1.744e-12,2.2127e-13,0,3.2653e-13,1.8693e-12,0,1.5007e-13,6.3521e-13,5.2606e-14,1.6629e-12,4.2231e-14,0,0,0,7.6288e-13,1.867e-13,2.5311e-13,0,5.8601e-13,1.0212e-12,0,0,0,0,0,0,0,0,0,0,0,0,0,0,0,0,0,0,0,0,0,0,0,0,0,0,0,0,0
0,0,0,0,0,0,0,0,0,0,0,0,0,0,0,0,0,0,0,0,0,0,0,0,0,0,0,0,5.407e-14,0,0,3.3935e-12,2.4046e-12,2.0714e-12,1.4203e-14,3.2663e-13,0,0,2.4548e-12,4.7585e-12,1.9037e-12,0,1.0332e-12,7.669e-12,4.0139e-12,0,0,0,0,4.0777e-13,4.3397e-12,0,2.7565e-12,1.0619e-12,0,1.5739e-11,0,1.0626e-11,0,0,8.5566e-12,0,0,4.7972e-12,2.8008e-11,9.7313e-12,0,0,5.5962e-12,7.0234e-12,1.3706e-12,2.9132e-12,5.5044e-14,1.231e-11,1.1053e-11,0,1.9755e-11,7.6343e-12,5.2985e-12,6.036e-12,1.2444e-12,0,1.5983e-12,9.8832e-12,0,2.1218e-12,4.3932e-12,1.2507e-12,7.5201e-12,2.4184e-13,0,0,6.6422e-13,3.0202e-12,1.8141e-12,1.468e-12,0,1.8071e-12,3.5416e-12,0,0,0,0,0,0,0,0,0,0,0,0,0,0,0,0,0,0,0,0,0,0,0,0,0,0,0,0,0
0,0,0,0,0,0,0,0,0,0,0,0,0,0,0,0,0,0,0,0,0,0,0,0,0,0,0,0,2.5438e-13,2.3694e-12,5.9168e-13,1.177e-11,7.7859e-12,2.5927e-12,1.3434e-12,5.2305e-12,1.1781e-12,0,1.013e-11,2.5211e-11,9.6163e-12,0,1.393e-12,2.2689e-11,1.2887e-11,0,0,0,7.3232e-13,7.9391e-12,3.8841e-12,0,1.8413e-11,3.2561e-12,0,6.5559e-11,1.042e-11,7.1173e-11,0,5.1132e-12,3.1358e-11,0,0,5.3413e-11,1.2406e-10,3.6097e-11,0,0,5.257e-11,4.5424e-11,1.102e-11,2.2369e-11,0,6.633e-11,6.7048e-11,0,7.2207e-11,2.1604e-11,2.1723e-11,1.6381e-11,3.7938e-12,0,9.1205e-12,4.9093e-11,2.1485e-12,1.4745e-11,2.6558e-11,9.6363e-12,3.0291e-11,6.5334e-13,0,0,7.7885e-12,1.073e-11,8.4743e-12,6.3759e-12,0,3.7459e-12,1.1126e-11,0,1.0541e-12,0,0,0,0,0,0,0,0,0,0,0,0,0,0,0,0,0,0,0,0,0,0,0,0,0,0,0
0,0,0,0,0,0,0,0,0,0,0,0,0,0,0,0,0,0,0,0,0,0,0,0,0,0,0,0,9.7585e-12,1.7313e-11,5.0023e-12,3.1425e-11,2.1463e-11,3.5855e-12,7.7618e-12,3.0377e-11,2.3589e-11,0,3.9517e-11,1.0222e-10,4.2301e-11,0,0,6.5612e-11,3.6901e-11,0,0,0,2.9198e-11,9.683e-11,9.4503e-13,0,1.0606e-10,8.8434e-12,0,2.4458e-10,1.0223e-10,3.6002e-10,8.9615e-12,7.0167e-11,1.1357e-10,0,0,3.0781e-10,5.0883e-10,1.2014e-10,0,0,3.1715e-10,2.1954e-10,5.1259e-11,1.1442e-10,0,3.0772e-10,3.1943e-10,0,2.4533e-10,5.2135e-11,6.9757e-11,3.0907e-11,6.7725e-12,0,4.741e-11,2.1893e-10,6.3581e-11,7.9769e-11,1.3586e-10,4.7084e-11,1.0795e-10,8.833e-14,0,0,4.0191e-11,3.3519e-11,2.6086e-11,2.3967e-11,0,1.9447e-12,3.3387e-11,0,1.7008e-11,0,0,0,0,0,0,0,0,0,0,0,0,0,0,0,0,0,0,0,0,0,0,0,0,0,0,0
0,0,0,0,0,0,0,0,0,0,0,0,0,0,0,0,0,0,0,0,0,0,0,0,0,0,0,0,5.2622e-11,6.9573e-11,2.6811e-11,7.089e-11,5.9129e-11,0,4.3704e-11,1.2241e-10,1.5173e-10,0,1.5427e-10,3.2893e-10,1.6146e-10,0,0,2.241e-10,1.0495e-10,0,0,0,2.0225e-10,5.1607e-10,2.0559e-12,0,5.0364e-10,2.2723e-11,0,8.1192e-10,5.4279e-10,1.4772e-09,2.22e-10,3.4659e-10,3.7868e-10,0,0,1.2862e-09,1.8962e-09,3.5665e-10,0,0,1.4632e-09,8.4827e-10,1.7199e-10,4.6221e-10,0,1.2011e-09,1.261e-09,0,7.5951e-10,1.4808e-10,1.5907e-10,5.611e-11,1.1216e-11,0,2.0988e-10,8.5722e-10,3.4952e-10,3.3987e-10,5.9105e-10,1.6781e-10,3.3881e-10,0,0,0,1.3334e-10,9.8079e-11,5.005e-11,8.3977e-11,0,3.9979e-12,9.9818e-11,0,1.0371e-10,0,0,0,0,0,0,0,0,0,0,0,0,0,0,0,0,0,0,0,0,0,0,0,0,0,0,0
0,0,0,0,0,0,0,0,0,0,0,0,0,0,0,0,0,0,0,0,0,0,0,0,0,0,0,0,1.7949e-10,1.7247e-10,5.4733e-11,3.7908e-11,1.9701e-10,0,2.3017e-10,3.9726e-10,6.6106e-10,0,5.8928e-10,8.4257e-10,5.3346e-10,0,0,9.4527e-10,2.8435e-10,0,0,0,7.5957e-10,1.8825e-09,5.6931e-12,0,1.95e-09,5.7626e-11,0,2.3691e-09,2.1662e-09,5.0655e-09,1.6737e-09,1.0635e-09,1.0586e-09,0,0,4.1646e-09,6.2824e-09,9.6651e-10,0,0,5.4119e-09,2.6327e-09,4.2444e-10,1.5809e-09,0,3.8858e-09,4.2521e-09,0,2.0101e-09,4.6162e-10,1.5334e-10,8.5869e-11,8.7555e-11,0,7.2855e-10,2.9166e-09,1.2498e-09,1.1703e-09,2.1901e-09,4.2389e-10,9.3346e-10,0,0,0,2.666e-10,3.1883e-10,3.312e-11,2.8255e-10,4.67e-12,1.5311e-11,2.7638e-10,0,4.606e-10,0,0,0,0,0,0,0,0,0,0,0,0,0,0,0,0,0,0,0,0,0,0,0,0,0,0,0
0,0,0,0,0,0,0,0,0,0,0,0,0,0,0,0,0,0,0,0,0,0,0,0,0,0,0,0,4.4496e-10,9.8584e-11,4.4376e-11,0,7.0384e-10,0,9.8559e-10,1.1376e-09,2.1594e-09,0,2.3047e-09,1.6631e-09,1.51e-09,0,0,4.0821e-09,6.4246e-10,0,0,0,1.7667e-09,4.9905e-09,2.4797e-11,0,6.2234e-09,1.1313e-10,0,5.9837e-09,7.0716e-09,1.4733e-08,6.802e-09,1.7592e-09,2.1228e-09,0,0,1.0614e-08,1.8076e-08,2.6652e-09,0,0,1.6188e-08,6.3588e-09,6.7518e-10,4.7138e-09,0,1.0321e-08,1.2488e-08,0,3.9085e-09,1.2967e-09,0,6.3236e-12,6.5893e-10,0,1.7363e-09,8.5767e-09,3.2589e-09,3.2144e-09,6.8516e-09,7.2755e-10,2.2752e-09,0,0,0,1.7798e-11,1.2611e-09,1.8239e-10,8.9977e-10,4.3332e-10,6.244e-11,5.0308e-10,1.0496e-11,1.6521e-09,0,0,0,0,0,0,0,0,0,0,0,0,0,0,0,0,0,0,0,0,0,0,0,0,0,0,0
0,0,0,0,0,0,0,0,0,0,0,0,0,0,0,0,0,0,0,0,0,0,0,0,0,0,0,0,7.0111e-10,0,0,0,1.9462e-09,0,2.3914e-09,3.1527e-09,5.409e-09,1.3427e-09,8.216e-09,2.1886e-09,4.2464e-09,0,0,1.5427e-08,1.3653e-09,0,0,0,2.1017e-09,9.2721e-09,4.3682e-09,3.3081e-09,1.699e-08,0,0,1.3005e-08,1.9947e-08,3.6838e-08,2.0762e-08,4.9972e-10,1.5483e-09,0,0,2.1874e-08,4.4091e-08,9.2563e-09,0,0,3.8627e-08,1.0953e-08,8.4622e-11,1.2205e-08,0,2.2616e-08,3.2444e-08,0,2.5739e-09,2.9212e-09,0,0,2.9748e-09,0,2.2054e-09,2.168e-08,6.4136e-09,6.7405e-09,1.7686e-08,2.9285e-10,5.1513e-09,0,0,0,0,5.2035e-09,1.1036e-09,2.598e-09,1.7565e-09,1.7659e-10,0,6.3129e-11,4.8698e-09,0,0,0,0,0,0,0,0,0,0,0,0,0,0,0,0,0,0,0,0,0,0,0,0,0,0,0
0,0,0,0,0,0,0,0,0,0,0,0,0,0,0,0,0,0,0,0,0,0,0,0,0,0,0,0,4.8843e-10,0,3.9047e-10,0,2.1318e-09,0,5.091e-10,9.7273e-09,1.0333e-08,1.205e-08,2.4417e-08,3.7997e-10,1.1112e-08,0,0,4.7553e-08,4.1236e-09,0,2.2762e-09,0,0,1.052e-08,2.6719e-08,2.0503e-08,4.5204e-08,0,0,2.548e-08,5.3664e-08,8.1537e-08,5.2702e-08,0,1.7421e-09,0,0,4.3988e-08,8.9672e-08,3.8658e-08,0,0,7.0907e-08,1.244e-08,0,2.6464e-08,0,4.3588e-08,7.6137e-08,0,0,5.1226e-09,0,0,8.1023e-09,0,0,4.6481e-08,1.1338e-08,8.0889e-09,3.5793e-08,0,1.2346e-08,0,0,0,0,1.8909e-08,6.8808e-09,6.4493e-09,2.348e-09,1.0338e-10,0,3.495e-11,1.1397e-08,0,0,0,0,0,0,0,0,0,0,0,0,0,0,0,0,0,0,0,0,0,0,0,0,0,0,0
0,0,0,0,0,0,0,0,0,0,0,0,0,0,0,0,0,0,0,0,0,0,0,0,0,0,0,0,1.0981e-09,0,6.6728e-09,0,0,0,0,3.1864e-08,1.4822e-08,4.6228e-08,5.6639e-08,0,2.5391e-08,0,0,1.13e-07,1.8548e-08,0,2.8441e-08,7.8542e-09,0,1.0348e-08,7.9802e-08,6.8226e-08,1.4226e-07,0,0,5.4393e-08,1.5329e-07,1.7162e-07,1.2082e-07,0,0,4.3378e-08,0,1.3581e-07,1.571e-07,1.5922e-07,0,8.5867e-09,9.4225e-08,1.5419e-08,0,4.4321e-08,4.6631e-08,9.0976e-08,1.6807e-07,3.5521e-08,0,9.868e-09,8.8193e-09,0,7.9935e-09,2.2162e-09,0,8.0746e-08,3.2473e-08,3.5607e-10,4.8962e-08,0,3.5875e-08,0,0,0,0,5.5992e-08,3.5582e-08,1.3047e-08,0,0,0,0,1.8236e-08,0,0,0,0,0,0,0,0,0,0,0,0,0,0,0,0,0,0,0,0,0,0,0,0,0,0,0
0,0,0,0,0,0,0,0,0,0,0,0,0,0,0,0,0,0,0,0,0,0,0,0,0,0,0,0,2.6915e-09,7.4728e-10,3.3918e-08,2.6655e-08,0,9.2109e-09,6.295e-08,1.0299e-07,1.748e-08,1.2558e-07,9.1982e-08,0,4.8883e-08,0,1.0767e-08,1.7893e-07,1.0076e-07,0,3.9121e-08,1.6283e-07,0,6.8668e-08,1.1312e-07,1.6053e-07,5.3915e-07,0,6.5742e-08,1.574e-07,4.7414e-07,3.8695e-07,2.7413e-07,3.4088e-08,0,4.553e-07,0,6.047e-07,2.9392e-07,5.4209e-07,0,4.0944e-08,1.198e-07,5.1611e-08,0,4.4631e-08,2.2576e-07,2.5121e-07,3.7474e-07,1.5489e-07,0,2.5067e-08,1.3198e-07,0,0,1.1819e-07,0,9.3508e-08,1.4797e-07,0,2.23e-08,0,1.2006e-07,0,0,0,0,1.2937e-07,1.3e-07,2.1329e-08,0,0,0,0,4.6232e-09,0,0,0,0,0,0,0,0,0,0,0,0,0,0,0,0,0,0,0,0,0,0,0,0,0,0,0
0,0,0,0,0,0,0,0,0,0,0,0,0,0,0,0,0,0,0,0,0,0,0,0,0,0,0,0,6.5675e-09,1.8016e-09,1.2231e-07,3.0127e-07,0,7.2258e-08,3.4161e-07,3.5845e-07,5.6888e-08,2.7297e-07,6.3271e-08,0,1.032e-07,0,1.4997e-07,7.6128e-08,3.912e-07,0,0,7.0162e-07,0,5.1155e-07,0,3.6737e-07,2.0714e-06,0,4.7134e-07,5.4446e-07,1.4646e-06,1.0021e-06,6.5665e-07,6.0895e-07,0,2.103e-06,5.7335e-08,2.5367e-06,8.0973e-07,1.5024e-06,0,1.3471e-07,2.7582e-07,4.9994e-07,1.9804e-07,7.0656e-08,6.5446e-07,7.7856e-07,9.0832e-07,2.4253e-07,0,1.4258e-08,5.915e-07,0,0,6.1502e-07,9.8521e-08,0,6.0833e-07,0,0,0,3.9876e-07,0,0,0,0,2.1368e-07,3.8097e-07,5.045e-08,0,0,0,6.8746e-08,0,0,0,0,0,0,0,0,0,0,0,0,0,0,0,0,0,0,0,0,0,0,0,0,0,0,0,0
0,0,0,0,0,0,0,0,0,0,0,0,0,0,0,0,0,0,0,0,0,0,0,0,0,0,0,0,1.3049e-08,0,2.3572e-07,1.3055e-06,0,2.6112e-07,9.6908e-07,1.1829e-06,1.9804e-07,5.5236e-07,1.1052e-09,0,1.4282e-07,0,7.1556e-07,0,1.1872e-06,0,0,2.2072e-06,0,2.3668e-06,0,1.0247e-06,7.1913e-06,0,1.6509e-06,1.7614e-06,4.1919e-06,2.7864e-06,1.6758e-06,3.5757e-06,0,7.0764e-06,1.1627e-07,8.8493e-06,2.7435e-06,3.4515e-06,0,3.8522e-07,1.3271e-06,2.3991e-06,9.9942e-07,1.0221e-07,1.2723e-06,2.1554e-06,2.4186e-06,9.4987e-09,2.4398e-08,0,1.8266e-06,0,0,2.1072e-06,7.644e-07,0,1.9755e-06,0,0,0,1.2199e-06,0,0,0,2.8947e-08,1.7473e-07,9.5943e-07,1.6623e-07,0,0,0,3.822e-07,0,0,0,0,0,0,0,0,0,0,0,0,0,0,0,0,0,0,0,0,0,0,0,0,0,0,0,0
0,0,0,0,0,0,0,0,0,0,0,0,0,0,0,0,0,0,0,0,0,0,0,0,0,0,0,0,1.5421e-08,0,3.0999e-07,3.5229e-06,0,7.4905e-07,1.8588e-06,3.5265e-06,6.0991e-07,1.3224e-06,0,0,2.9576e-08,0,1.8484e-06,0,2.9992e-06,0,0,5.6796e-06,0,8.1518e-06,0,3.3006e-06,2.1916e-05,0,4.4885e-06,4.8578e-06,1.0845e-05,7.4649e-06,4.5191e-06,1.3327e-05,0,1.9363e-05,0,2.5883e-05,8.2387e-06,6.8257e-06,0,9.5013e-07,5.5708e-06,8.1191e-06,2.8649e-06,3.3299e-09,1.3141e-06,4.9884e-06,6.6843e-06,0,1.1251e-07,0,4.4809e-06,0,0,5.9053e-06,3.3477e-06,0,5.2098e-06,0,2.1682e-07,0,3.3944e-06,0,0,0,1.3159e-07,1.0207e-08,2.1565e-06,6.7186e-07,0,0,0,6.1115e-07,0,0,0,0,0,0,0,0,0,0,0,0,0,0,0,0,0,0,0,0,0,0,0,0,0,0,0,0
0,0,0,0,0,0,0,0,0,0,0,0,0,0,0,0,0,0,0,0,0,0,0,0,0,0,0,0,0,0,5.0265e-07,6.8472e-06,0,1.886e-06,2.305e-06,9.2648e-06,1.6572e-06,3.8821e-06,0,8.1385e-09,0,0,3.3951e-06,0,6.5598e-06,0,0,1.2564e-05,6.766e-07,2.2895e-05,0,9.8398e-06,5.874e-05,0,1.03e-05,1.1244e-05,2.5515e-05,1.8051e-05,1.2796e-05,3.9078e-05,0,4.5583e-05,0,6.5151e-05,1.9689e-05,1.2373e-05,0,1.8875e-06,1.7547e-05,2.1887e-05,5.8907e-06,0,0,9.972e-06,1.8013e-05,0,2.6922e-07,0,9.0924e-06,0,0,1.4546e-05,1.2311e-05,0,1.1722e-05,0,1.2251e-06,0,8.583e-06,0,0,0,3.1093e-07,5.7773e-08,4.3309e-06,2.3129e-06,0,0,0,0,0,0,0,0,0,0,0,0,0,0,0,0,0,0,0,0,0,0,0,0,0,0,0,0,0,0,0,0
0,0,0,0,0,0,0,0,0,0,0,0,0,0,0,0,0,0,0,0,0,0,0,0,0,0,0,0,0,0,5.7875e-07,9.5934e-06,0,5.1663e-06,8.7368e-07,2.1223e-05,4.0999e-06,1.1044e-05,0,5.0382e-07,0,0,4.871e-06,0,1.285e-05,0,0,2.42e-05,3.6732e-06,5.4959e-05,0,2.368e-05,0.00013922,0,1.9764e-05,2.1826e-05,5.5242e-05,3.8105e-05,3.6643e-05,9.6469e-05,0,9.6414e-05,0,0.0001441,3.6562e-05,2.2248e-05,5.1721e-08,2.6223e-06,4.4488e-05,4.9768e-05,8.7732e-06,0,0,1.8948e-05,4.545e-05,0,4.699e-07,0,1.5694e-05,0,0,3.2282e-05,3.5218e-05,0,2.3642e-05,0,3.096e-06,0,1.9527e-05,0,0,0,5.8308e-07,1.9241e-07,7.4532e-06,5.4974e-06,0,0,0,0,0,0,0,0,0,0,0,0,0,0,0,0,0,0,0,0,0,0,0,0,0,0,0,0,0,0,0,0
0,0,0,0,0,0,0,0,0,0,0,0,0,0,0,0,0,0,0,0,0,0,0,0,0,0,0,0,0,0,2.4696e-07,8.8545e-06,0,1.3094e-05,0,4.2283e-05,1.0135e-05,2.5533e-05,0,0,0,0,6.3393e-06,0,2.3514e-05,0,0,4.0037e-05,1.0814e-05,0.00011565,0,4.1987e-05,0.00029199,0,2.9143e-05,3.5516e-05,0.00011024,6.8425e-05,9.92e-05,0.00020626,1.0612e-06,0.00018918,0,0.00028316,5.1728e-05,4.1558e-05,1.2021e-05,9.8121e-07,9.4904e-05,9.845e-05,7.5433e-06,0,0,3.7947e-05,0.00010456,4.307e-07,1.0655e-06,8.2303e-07,2.3877e-05,0,0,6.4066e-05,8.3575e-05,0,4.4193e-05,0,4.5902e-06,0,3.9329e-05,0,0,0,1.0668e-06,7.1324e-06,9.8999e-06,7.4687e-06,0,0,6.0505e-07,0,0,0,0,0,0,0,0,0,0,0,0,0,0,0,0,0,0,0,0,0,0,0,0,0,0,0,0,0
0,0,0,0,0,0,0,0,0,0,0,0,0,0,0,0,0,0,0,0,0,0,0,0,0,0,0,0,2.8116e-09,0,6.3002e-06,7.6147e-06,0,2.7961e-05,0,7.3348e-05,2.3742e-05,4.3343e-05,0,0,0,0,1.5452e-05,0,4.2494e-05,0,0,5.3449e-05,2.1332e-05,0.00021577,0,4.2205e-05,0.00053934,0,2.4101e-05,4.9435e-05,0.00020054,0.00010137,0.00023929,0.0003857,1.9821e-05,0.00034796,1.4181e-05,0.00049446,5.4632e-05,7.9071e-05,4.8381e-05,0,0.00017484,0.00017243,5.3311e-06,0,0,7.9925e-05,0.00021448,3.6008e-06,1.3618e-05,5.1261e-06,3.4755e-05,0,0,0.0001101,0.00016951,0,7.6408e-05,0,1.7234e-06,0,6.9604e-05,0,0,0,1.9764e-06,3.2102e-05,6.875e-06,0,4.8053e-08,0,9.515e-06,0,7.5643e-07,0,0,0,0,0,0,0,0,0,0,0,0,0,0,0,0,0,0,0,0,0,0,0,0,0,0,0
0,0,0,0,0,0,0,0,0,0,0,0,0,0,0,0,0,0,0,0,0,0,0,0,0,0,0,0,1.0973e-06,0,3.2847e-05,1.3537e-05,0,4.9465e-05,0,0.0001109,4.103e-05,4.3834e-05,0,0,7.1027e-06,0,3.7707e-05,3.7286e-05,7.9145e-05,0,1.9013e-05,4.4109e-05,2.494e-05,0.00035657,0,0,0.00087007,0,4.2319e-06,6.7e-05,0.00032802,0.00011972,0.00049624,0.00062916,8.3831e-05,0.00059041,8.1247e-05,0.00076153,5.0285e-05,0.00014675,0.00012532,0,0.00028351,0.00027099,0,0,3.9626e-05,0.00016009,0.00038411,1.6152e-06,4.3243e-05,1.4417e-05,5.6481e-05,0,0,0.00015474,0.00030185,0,0.00011788,0,0,0,0.00011077,0,0,0,3.0141e-06,8.6244e-05,6.5261e-06,0,1.5864e-05,0,2.3464e-05,0,2.274e-06,0,0,0,0,0,0,0,0,0,0,0,0,0,0,0,0,0,0,0,0,0,0,0,0,0,0,0
0,0,0,0,0,0,0,0,0,0,0,0,0,0,0,0,0,0,0,0,0,0,0,0,0,0,0,0,4.3161e-06,5.3122e-05,8.958e-05,5.1309e-05,1.6462e-05,7.0586e-05,0,0.00014561,4.5629e-05,3.3048e-06,0,0,2.3756e-05,0,7.3774e-05,0.00012138,0.00014942,0,8.5691e-05,0,0,0.00051357,0,0,0.0012144,0,0,0.00012004,0.00048258,0.00012382,0.00086859,0.00088453,0.00025056,0.00089608,0.00017116,0.0010259,9.256e-05,0.00025979,0.0002488,0,0.0004134,0.00038931,0,0,0.00015385,0.00027743,0.00058732,0,0.00011131,3.271e-05,0.0001112,0,0,0.0001568,0.00048868,0,0.00015508,0,0,0,0.00017119,0,0,0,2.037e-06,0.00016946,6.7733e-06,0,4.2601e-05,0,3.375e-05,0,1.9274e-06,0,0,0,0,0,0,0,0,0,0,0,0,0,0,0,0,0,0,0,0,0,0,0,0,0,0,0
0,0,0,0,0,0,0,0,0,0,0,0,0,0,0,0,0,0,0,0,0,0,0,0,0,0,0,0,5.6085e-05,0.00020334,0.0001766,0.00017108,0.00012962,7.4268e-05,0,0.00016338,3.7949e-05,0,1.1978e-05,0,3.8846e-05,0,0.00010428,0.00027369,0.00026585,0,8.6589e-05,0,0,0.00062005,0,0,0.0014588,0,0,0.00029665,0.00066154,0.00018381,0.0012755,0.0010542,0.00066519,0.0011862,0.00017502,0.0012218,0.00030918,0.00043628,0.00038541,0,0.00056017,0.00052751,0,6.9175e-05,0.00031877,0.00038676,0.00074557,0,0.00025189,4.1107e-05,0.00023019,0,0,5.6263e-05,0.00074572,0,0.00017099,0,0,0,0.00028396,0,0,0,0,0.00025609,2.5686e-06,0,7.2704e-05,0,1.7334e-05,0,2.5461e-05,0,0,0,0,0,0,0,0,0,0,0,0,0,0,0,0,0,0,0,0,0,0,0,0,0,0,0
0,0,0,0,0,0,0,0,0,0,0,0,0,0,0,0,0,0,0,0,0,0,0,0,0,0,0,0,0.00010035,0.00049252,0.00027597,0.00037843,0.00029129,3.4385e-05,0,0.00015003,5.7973e-06,0,4.464e-05,0,2.2156e-05,0,8.3756e-05,0.00049691,0.00041203,0,0,0,0,0.00058025,0,0,0.0015354,0,0,0.00074454,0.0009246,0.0003723,0.0016052,0.0010697,0.001395,0.0013935,1.4015e-05,0.0013969,0.00088678,0.00069495,0.00035666,0,0.00074493,0.00070335,0,0.00049901,0.00040423,0.00038351,0.00075328,0,0.00047622,0,0.00041804,0,0,0,0.0010833,0,0.00017555,0,0,0,0.00050569,0,0,0,0,0.00030072,0,0,8.3635e-05,0,0,1.7017e-06,5.6373e-05,0,0,0,0,0,0,0,0,0,0,0,0,0,0,0,0,0,0,0,0,0,0,0,0,0,0,0
0,0,0,0,0,0,0,0,0,0,0,0,0,0,0,0,0,0,0,0,0,0,0,0,0,0,0,0,5.6299e-05,0.00094219,0.00033321,0.00060237,0.00041066,1.7672e-05,3.0248e-05,0.00011037,0,0,8.0568e-05,0,0,0,0,0.00071485,0.00052922,0,0,0,0,0.00037207,0,0,0.0015752,0,3.219e-05,0.001639,0.0014718,0.0011952,0.0019332,0.0010679,0.0024933,0.0016837,0,0.0018915,0.0020196,0.0010787,6.894e-05,0,0.001063,0.00096739,0,0.001202,0.00022902,0.00014103,0.00057065,0,0.00069493,0,0.00059888,0,0,0,0.0014408,0,0.00023696,0,0.00015857,0,0.00086114,0,0,0,0,0.00027557,0,0,5.3308e-05,0,0,2.8925e-06,6.2571e-05,0,0,0,0,0,0,0,0,0,0,0,0,0,0,0,0,0,0,0,0,0,0,0,0,0,0,0
0,0,0,0,0,0,0,0,0,0,0,0,0,0,0,0,0,0,0,0,0,0,0,0,0,0,0,0,3.5864e-05,0.001505,0.00032716,0.00067742,0.00035365,1.8285e-05,9.0915e-05,7.9873e-05,0,0,0.00012683,5.6562e-05,0,0,0,0.00074561,0.00058262,0,0,0,0,0.00029195,0,0,0.0020789,0,0.00056609,0.0031861,0.0027253,0.0032403,0.0028679,0.0016138,0.004027,0.0027583,0,0.0034695,0.0038924,0.0017884,0,0,0.0017983,0.0014548,0,0.0021103,0,1.9667e-05,0.00039186,0,0.00068739,0,0.00063312,0,0,0,0.0016194,0,0.00047356,0,0.00057015,0,0.0012523,0,0,0,0,0.00021367,0,0,0,0,0,2.7325e-06,0,0,0,0,0,0,0,0,0,0,0,0,0,0,0,0,0,0,0,0,0,0,0,0,0,0,0,0
0,0,0,0,0,0,0,0,0,0,0,0,0,0,0,0,0,0,0,0,0,0,0,0,0,0,0,0,3.0821e-05,0.0020598,0.00034036,0.00051685,6.2882e-05,0,0.0001279,5.9805e-05,0,0,0.00027538,0.00014404,0,0,0,0.00053519,0.00074412,0,0,0,0,0.0012638,0,0,0.0040337,0,0.0023434,0.0057639,0.0053995,0.0074067,0.0057517,0.003797,0.0062538,0.005981,0,0.0072753,0.0067806,0.003466,0,0,0.0036022,0.0025221,0,0.0033123,0,0,0.00063723,0,0.00028061,0,0.00051041,0,0,0,0.0013801,0,0.0010126,0,0.001469,0,0.0014541,0,0,0,0,0.00020437,0,0,0,0,0,2.7621e-06,5.8633e-06,0,0,0,0,0,0,0,0,0,0,0,0,0,0,0,0,0,0,0,0,0,0,0,0,0,0,0
0,0,0,0,0,0,0,0,0,0,0,0,0,0,0,0,0,0,0,0,0,0,0,0,0,0,0,0,1.3653e-05,0.0024383,0.00053244,0.00024932,2.423e-05,0,6.3612e-06,0.00037611,0.00033486,0.00014878,0.00074059,0.0007747,0,0,0.00010879,0.00049106,0.0015591,0,0,6.7441e-05,0,0.0048709,0,0,0.008828,0,0.0058434,0.010083,0.01047,0.014679,0.012298,0.0089702,0.0097781,0.012986,8.6796e-05,0.014535,0.011181,0.0073662,0.0015619,0,0.0075404,0.0048796,0.00028009,0.0053575,0.00014136,0.00016108,0.0021562,0,3.0235e-05,0,0.00063227,0,0,0,0.00097925,0,0.0019857,0,0.0024077,0,0.0013177,0,0,0,0,0.00032632,0,0,0,0,0,0.00010449,0.00020578,0,0,0,0,0,0,0,0,0,0,0,0,0,0,0,0,0,0,0,0,0,0,0,0,0,0,0
0,0,0,0,0,0,0,0,0,0,0,0,0,0,0,0,0,0,0,0,0,0,0,0,0,0,0,0,0,0.002484,0.00094634,0,1.4277e-05,0,1.2351e-05,0.0010072,0.0011822,0.00069845,0.0017542,0.0019352,0,0,0.0015034,0.0013268,0.0037919,6.9736e-05,0,0.0046281,0.0022837,0.01264,0.0013851,0.0052713,0.017691,0.0024777,0.011717,0.016911,0.018804,0.025501,0.02346,0.018015,0.015305,0.024624,0.0048094,0.025942,0.017634,0.014835,0.0064231,0.0036714,0.01462,0.009395,0.0033541,0.0090841,0.0033087,0.0033336,0.005605,0,4.3761e-05,0,0.0017956,0,1.4437e-05,0.00023299,0.00098882,0.00042762,0.0035676,0,0.0032108,0,0.0010713,3.438e-05,0,0,0,0.00057954,0.00010706,0,0.00017235,0,0,0.00073665,0.00057643,0.00086126,0,0,0,0,0,0,0,0,0,0,0,0,0,0,0,0,0,0,0,0,0,0,0,0,0,0
0,0,0,0,0,0,0,0,0,0,0,0,0,0,0,0,0,0,0,0,0,0,0,0,0,0,0,0,0,0.0021041,0.001312,0,0,0,0.00013138,0.0022558,0.0023627,0.0017774,0.0034506,0.0040159,0.0012669,0.00068321,0.0043535,0.0037913,0.0077921,0.0036824,0.0036612,0.014559,0.010453,0.024567,0.0080355,0.016779,0.030565,0.010279,0.019802,0.026098,0.03031,0.038788,0.038012,0.030368,0.022792,0.039653,0.01365,0.040807,0.025982,0.025871,0.014786,0.010834,0.024695,0.016319,0.010094,0.014637,0.0088836,0.0092623,0.010899,0,0.0016717,4.7738e-06,0.0045531,0.00053556,0.0018236,0.0021448,0.0017741,0.0019418,0.0059127,0.00096014,0.0038964,6.7192e-05,0.0013456,0.00095267,0,0.00031777,6.2581e-05,0.00088777,0.00073038,0,0.00053281,0,0.00016751,0.0012406,0.00079398,0.00227,0,0,0,0,0,0,0,0,0,0,0,0,0,0,0,0,0,0,0,0,0,0,0,0,0,0
0,0,0,0,0,0,0,0,0,0,0,0,0,0,0,0,0,0,0,0,0,0,0,0,0,0,0,0,0,0.0013254,0.001146,0,0,0,0.0015638,0.003983,0.003647,0.0033587,0.0055146,0.0070129,0.0039577,0.0025165,0.0089905,0.0073646,0.012778,0.0082208,0.01139,0.026119,0.020821,0.037883,0.014927,0.02966,0.045039,0.019083,0.028338,0.03556,0.043079,0.051368,0.052061,0.043484,0.030567,0.054226,0.023544,0.056454,0.034521,0.037792,0.023418,0.019455,0.035513,0.024379,0.017742,0.0204,0.014814,0.016333,0.016671,0.00047436,0.0049997,0.0036932,0.0084587,0.0018712,0.0046268,0.0058342,0.0041562,0.0039163,0.0088853,0.0034302,0.0045191,0.0013981,0.0026883,0.0023154,0,0.00095531,0.00019678,0.0011534,0.0020901,0,0.00099911,0,0.000832,0.0010637,0.0007309,0.0033594,0,0,0,0,0,0,0,0,0,0,0,0,0,0,0,0,0,0,0,0,0,0,0,0,0,0
0,0,0,0,0,0,0,0,0,0,0,0,0,0,0,0,0,0,0,0,0,0,0,0,0,0,0,0,0,0.00036683,0.0001996,0,0,0,0.0030714,0.005701,0.0046414,0.0049472,0.0068834,0.010039,0.0061936,0.0039267,0.012946,0.010274,0.016841,0.011394,0.017447,0.034425,0.029521,0.047604,0.018382,0.038964,0.056615,0.024565,0.034219,0.04165,0.053527,0.058946,0.060535,0.053489,0.035583,0.063217,0.030434,0.068702,0.040155,0.045802,0.028194,0.026161,0.043198,0.030823,0.023137,0.023322,0.017667,0.021238,0.02062,0.0032792,0.0083151,0.0083577,0.011578,0.0031485,0.0071772,0.0093673,0.0076852,0.0053733,0.011813,0.0061186,0.0049003,0.0027358,0.0049103,0.0036684,0,0.0019115,0.00041421,0.0012868,0.003307,0,0.0012902,0,0.0013431,1.1718e-05,0.00043392,0.0036376,0,0,0,0,0,0,0,0,0,0,0,0,0,0,0,0,0,0,0,0,0,0,0,0,0,0
0,0,0,0,0,0,0,0,0,0,0,0,0,0,0,0,0,0,0,0,0,0,0,0,0,0,0,0,0,0,0,0,0,0,0.003921,0.0067385,0.0049597,0.0058331,0.0068394,0.011634,0.0067304,0.0037976,0.014186,0.010626,0.01802,0.011444,0.018511,0.035219,0.032363,0.049259,0.015863,0.040476,0.060896,0.023111,0.034711,0.041327,0.058049,0.058508,0.060132,0.05703,0.035234,0.063086,0.031271,0.07374,0.040095,0.045929,0.026552,0.0277,0.044473,0.032959,0.023608,0.02107,0.015069,0.021114,0.020878,0.0034223,0.0095485,0.01076,0.011978,0.0028039,0.0080422,0.011026,0.010423,0.0054052,0.013667,0.0069082,0.0046688,0.0033587,0.0069894,0.0044116,0,0.0026439,0.00053683,0.0011988,0.0038631,0,0.001236,0,0.0014995,0,8.9081e-05,0.0030809,0,0,0,0,0,0,0,0,0,0,0,0,0,0,0,0,0,0,0,0,0,0,0,0,0,0
0,0,0,0,0,0,0,0,0,0,0,0,0,0,0,0,0,0,0,0,0,0,0,0,0,0,0,0,1.2735e-05,0,0,0,0,0,0.003725,0.0066082,0.0044656,0.0055392,0.0054044,0.010819,0.0051914,0.0019783,0.011933,0.0079361,0.015693,0.0081915,0.013927,0.027986,0.027745,0.041928,0.0080821,0.033569,0.056296,0.014758,0.0294,0.034462,0.055157,0.050364,0.051494,0.053126,0.029368,0.054146,0.026165,0.070197,0.033916,0.038052,0.019504,0.023306,0.038972,0.030065,0.01896,0.014192,0.0078401,0.015868,0.017389,0.00072553,0.0078194,0.0098336,0.0093114,0.0011231,0.0066805,0.010141,0.011158,0.0038428,0.013679,0.0051171,0.0036572,0.0028951,0.0077779,0.0041176,0,0.0027607,0.00033087,0.0008265,0.0035575,0,0.00080562,7.9912e-05,0.0012516,0,0,0.0021581,0,0,0,0,0,0,0,0,0,0,0,0,0,0,0,0,0,0,0,0,0,0,0,0,0,0
0,0,0,0,0,0,0,0,0,0,0,0,0,0,0,0,0,0,0,0,0,0,0,0,0,0,0,0,0.00035277,0.00011278,0,0,0,0,0.0026558,0.0053437,0.0033747,0.0042073,0.0032828,0.0079239,0.002367,1.7964e-05,0.0072838,0.0035776,0.011035,0.0032445,0.0062263,0.016369,0.017944,0.028961,0,0.021632,0.045017,0.00345,0.020595,0.024054,0.046324,0.037973,0.038686,0.043607,0.020556,0.040273,0.018082,0.059757,0.024051,0.026073,0.010815,0.015284,0.029477,0.023869,0.011643,0.0059924,0.00020969,0.0083646,0.011983,0,0.0041839,0.0064541,0.0051482,0,0.0039599,0.0075058,0.0099439,0.0015056,0.011867,0.0024111,0.0021829,0.0015887,0.0068841,0.0028629,0,0.0022167,0.00014276,0.00021664,0.0026174,0,0.00021362,0.00018377,0.00072412,0,0,0.0014619,0,0,0,0,0,0,0,0,0,0,0,0,0,0,0,0,0,0,0,0,0,0,0,0,0,0
0,0,0,0,0,0,0,0,0,0,0,0,0,0,0,0,0,0,0,0,0,0,0,0,0,0,0,0,0.00019503,0.00098229,0,0,0,0,0.0012823,0.0034924,0.0021102,0.002482,0.0014034,0.0043474,2.5155e-05,0,0.0023996,8.8009e-05,0.0061331,0,4.948e-05,0.0054469,0.0075027,0.015688,0,0.0096717,0.031444,0,0.011742,0.014107,0.034873,0.025645,0.026399,0.031834,0.012255,0.026285,0.010448,0.045885,0.014157,0.014974,0.0046939,0.0072401,0.019827,0.017138,0.0048861,0.00021059,0,0.0022086,0.0070163,0,0.00069121,0.0025815,0.0016568,0,0.0014854,0.0046133,0.0077786,0,0.0089901,7.2486e-05,0.0012401,0.00033677,0.0048984,0.0011945,0,0.0013401,7.1131e-05,1.6447e-05,0.0014976,0,0,9.9703e-05,0.00015007,0,3.8025e-05,0.0012783,0,0,0,0,0,0,0,0,0,0,0,0,0,0,0,0,0,0,0,0,0,0,0,0,0,0
0,0,0,0,0,0,0,0,0,0,0,0,0,0,0,0,0,0,0,0,0,0,0,0,0,0,0,0,3.9759e-05,0.0016524,0,0,0,0,0.00015786,0.001762,0.0010511,0.001042,0.00029291,0.0015137,0,0,0.00021464,0,0.0026095,0,0,0,0.0011915,0.0061431,0,0.0015806,0.0195,0,0.0053057,0.0071764,0.024,0.016158,0.017318,0.020867,0.0066184,0.015333,0.0050377,0.03196,0.0068822,0.0075826,0.0016648,0.0016859,0.012502,0.011814,0.00076138,0,0,0.00019763,0.0038394,0,9.1343e-05,0.00084387,6.1721e-05,0,1.2894e-05,0.0025124,0.0056785,0,0.006042,0,0.00076133,0,0.0028331,0,0,0.00054766,3.8712e-06,2.7055e-07,0.00057582,0,0,0,0,0,5.3467e-05,0.0014603,0,0,0,0,0,0,0,0,0,0,0,0,0,0,0,0,0,0,0,0,0,0,0,0,0,0
0,0,0,0,0,0,0,0,0,0,0,0,0,0,0,0,0,0,0,0,0,0,0,0,0,0,0,0,4.41e-05,0.0017877,0.00014896,0.00034791,0,3.4239e-05,5.9635e-05,0.00061353,0.00050008,0.00029564,0,3.709e-05,0,0,0,0,0.00092309,0,0,0,0,0.0013798,0,0,0.011052,0,0.0018364,0.0035569,0.015496,0.010048,0.011569,0.012388,0.0037698,0.0081752,0.0017957,0.020205,0.0028547,0.0037764,0.00053857,0,0.007861,0.0083077,0.00012803,0,0,0.0001597,0.002381,0,4.7967e-05,4.8144e-05,0,0,0,0.0013911,0.0041049,0,0.0037299,0,0.00055018,0,0.0013933,0,0,0.00013331,0,0,3.5478e-05,0,0,0,0,0.00033499,3.3269e-05,0.0016501,0,0,0,0,0,0,0,0,0,0,0,0,0,0,0,0,0,0,0,0,0,0,0,0,0,0
0,0,0,0,0,0,0,0,0,0,0,0,0,0,0,0,0,0,0,0,0,0,0,0,0,0,0,0,3.5378e-05,0.0014541,0.0004365,0.00050932,0,0.00012305,4.293e-05,0.00010039,0.0002791,0,0,0,0,0,0,0,0.00051197,0,0,0,0,0.00020271,0,0,0.0060402,0,0.00051032,0.0021421,0.0096864,0.0064744,0.0079681,0.0067261,0.0026367,0.0040872,0.0001388,0.011606,0.0012374,0.0019843,0.00026673,0,0.0050627,0.0060778,0,0.00017515,0,0.00021168,0.0018319,0,4.7717e-05,0,0.00039573,0,0,0.00086194,0.0030329,0,0.0022703,0,0.00050856,0,0.00069036,0,0,1.9529e-05,0,0,0,0,0,0,0,0.00046619,1.0255e-05,0.001594,0,0,0,0,0,0,0,0,0,0,0,0,0,0,0,0,0,0,0,0,0,0,0,0,0,0
0,0,0,0,0,0,0,0,0,0,0,0,0,0,0,0,0,0,0,0,0,0,0,0,0,0,0,0,2.0808e-05,0.00093809,0.00045039,0.00044781,0,0.00016423,6.2422e-05,7.2588e-06,0.00017313,0,0,9.9855e-06,0,0,0,0,0.00045765,0,0,0,0,0.00037366,0,0,0.0034648,0,0.0002083,0.001673,0.0060528,0.0043781,0.0054389,0.003417,0.0021274,0.0019977,0,0.006181,0.00083832,0.00093223,0.00016767,0,0.0032556,0.0045001,1.7031e-05,0.00092677,0.00012528,0.00098484,0.0014982,0,5.7386e-05,0,0.00069345,0,0,0.00054713,0.0022728,0,0.0014965,0,0.00050595,0,0.00044993,0,0,0,0,0,0,0,0,7.7631e-09,0,0.00026023,9.8992e-06,0.001284,0,0,0,0,0,0,0,0,0,0,0,0,0,0,0,0,0,0,0,0,0,0,0,0,0,0
0,0,0,0,0,0,0,0,0,0,0,0,0,0,0,0,0,0,0,0,0,0,0,0,0,0,0,0,7.9408e-06,0.00049171,0.00036299,0.00027674,0,9.3582e-05,2.5161e-05,3.6861e-05,0.00011949,5.3914e-06,0,4.2352e-05,0,0,0,0.00020543,0.00050342,0,0,0,0,0.00082867,0,0,0.0022455,0,0.0001856,0.0013927,0.0038506,0.003045,0.0035253,0.0017257,0.0016866,0.0010365,0,0.0032735,0.00081013,0.00019357,6.2474e-05,0,0.0020263,0.0032482,5.2155e-05,0.0011963,0.00085981,0.0012618,0.0011273,0,0.00044682,0,0.00068219,0,5.3212e-05,0.00032444,0.0016735,0,0.0010987,9.2648e-05,0.000601,0,0.00036208,0,0,0,0,0,0,0,0,4.9426e-05,0,2.7277e-05,2.9365e-05,0.00087513,0,0,0,0,0,0,0,0,0,0,0,0,0,0,0,0,0,0,0,0,0,0,0,0,0,0
0,0,0,0,0,0,0,0,0,0,0,0,0,0,0,0,0,0,0,0,0,0,0,0,0,0,0,0,4.5362e-07,0.00021096,0.00021713,0.00011235,0,7.0578e-06,4.8667e-06,6.7309e-05,8.2183e-05,4.4557e-06,0.00010831,0.00012831,0,0,0,0.00040264,0.00042354,0,0,0,0,0.00096772,0,0,0.0016113,0,0.00015374,0.0010591,0.0024694,0.002116,0.0021492,0.00095984,0.0012138,0.0006328,0,0.0019206,0.00077193,0,0,0,0.0012294,0.0022308,7.2346e-05,0.00099342,0.00086904,0.0010774,0.00075477,0,0.00049948,9.4484e-06,0.00050086,0,0.00012302,0.00016676,0.0011652,0,0.00082983,0.00013302,0.0005474,0,0.00027128,0,0,0,0,6.1962e-05,0,0,1.0738e-05,7.3566e-05,0,0,8.0172e-05,0.00052245,0,0,0,0,0,0,0,0,0,0,0,0,0,0,0,0,0,0,0,0,0,0,0,0,0,0
0,0,0,0,0,0,0,0,0,0,0,0,0,0,0,0,0,0,0,0,0,0,0,0,0,0,0,0,1.8014e-07,7.1555e-05,9.3464e-05,1.1673e-05,0,0,1.3121e-06,5.965e-05,5.0317e-05,0,0.00016359,0.00010592,0,0,0,0.00034811,0.00027631,0,0,0,0,0.00081942,0,0,0.0011599,0,8.1206e-05,0.00070016,0.0015425,0.0014302,0.0012622,0.00061851,0.00078236,0.00041248,0,0.001279,0.00064476,0,0,0,0.00075322,0.0014352,7.7244e-05,0.00065597,0.00056852,0.00072282,0.00046214,0,0.00037106,5.2469e-05,0.00030633,0,0.00010633,6.8598e-05,0.00073839,7.5824e-06,0.00058473,6.5888e-05,0.00039348,0,0.00016342,0,0,0,0,0.00011178,0,0,6.5641e-05,4.9199e-05,0,0,0.00010112,0.00028851,0,0,0,0,0,0,0,0,0,0,0,0,0,0,0,0,0,0,0,0,0,0,0,0,0,0
0,0,0,0,0,0,0,0,0,0,0,0,0,0,0,0,0,0,0,0,0,0,0,0,0,0,0,0,1.9205e-05,1.3735e-05,2.1617e-05,0,3.9819e-06,0,4.3976e-07,3.6291e-05,2.5952e-05,0,0.00014281,5.0197e-05,1.933e-05,0,0,0.00020178,0.0001432,0,0,0,7.7356e-07,0.00056246,0,0,0.0007642,0,1.2392e-05,0.00040086,0.00090271,0.00091735,0.00073786,0.00042445,0.0004575,0.00025546,0,0.00086783,0.00047096,0,0,0,0.00047126,0.00085206,7.706e-05,0.00037185,0.00026084,0.00040252,0.00027104,0,0.00021465,5.349e-05,0.00016538,0,5.8344e-05,1.74e-05,0.00041018,5.5911e-05,0.00036253,3.7013e-06,0.00023128,0,7.3101e-05,0,0,0,0,9.3241e-05,0,0,5.9378e-05,1.6034e-05,0,0,8.7525e-05,0.00015647,0,0,0,0,0,0,0,0,0,0,0,0,0,0,0,0,0,0,0,0,0,0,0,0,0,0
0,0,0,0,0,0,0,0,0,0,0,0,0,0,0,0,0,0,0,0,0,0,0,0,0,0,0,0,1.1689e-05,1.8459e-06,0,0,8.6488e-06,0,1.8761e-07,1.7499e-05,1.1675e-05,0,8.1439e-05,1.2177e-05,8.1306e-06,0,0,8.3696e-05,5.9175e-05,0,0,6.8374e-06,1.3914e-05,0.00032878,0,0,0.00043528,0,3.4267e-06,0.00020336,0.00048203,0.0005474,0.0004325,0.00027477,0.00024855,0.00014104,0,0.0005367,0.00030663,0,1.2158e-06,0,0.00028907,0.00045981,6.8668e-05,0.00018938,8.1219e-05,0.00019074,0.00015714,0,0.00010171,3.5686e-05,7.9612e-05,0,1.8395e-05,0,0.00019122,4.1745e-05,0.0001922,0,0.00011468,0,2.0215e-05,0,0,0,0,5.4832e-05,0,0,3.257e-05,0,0,0,5.905e-05,8.5164e-05,0,0,0,0,0,0,0,0,0,0,0,0,0,0,0,0,0,0,0,0,0,0,0,0,0,0
0,0,0,0,0,0,0,0,0,0,0,0,0,0,0,0,0,0,0,0,0,0,0,0,0,0,0,0,3.4672e-06,1.2863e-06,0,0,5.2235e-06,0,0,7.936e-06,5.6047e-06,0,3.0591e-05,0,0,0,0,2.3361e-05,1.8941e-05,0,0,4.5234e-05,1.4379e-05,0.00016771,0,0,0.00020621,0,0,9.6706e-05,0.00023341,0.0003002,0.0002473,0.00015601,0.0001286,6.712e-05,0,0.00028756,0.00018141,0,7.5376e-06,0,0.00016385,0.00022329,4.3014e-05,9.0145e-05,9.3681e-06,7.8486e-05,8.9493e-05,0,4.0134e-05,1.7397e-05,3.2243e-05,0,0,0,6.9324e-05,1.7749e-05,8.5549e-05,0,5.0692e-05,0,2.106e-06,0,0,0,9.9207e-08,2.343e-05,0,0,1.0473e-05,0,0,0,3.2455e-05,4.4832e-05,0,0,0,0,0,0,0,0,0,0,0,0,0,0,0,0,0,0,0,0,0,0,0,0,0,0
0,0,0,0,0,0,0,0,0,0,0,0,0,0,0,0,0,0,0,0,0,0,0,0,0,0,0,0,2.7632e-08,7.8136e-07,0,0,1.0912e-06,3.9984e-07,0,3.9572e-06,3.5619e-06,0,6.4511e-06,0,0,0,0,1.9223e-06,5.6192e-06,0,0,3.7748e-05,1.0408e-05,7.5929e-05,0,0,7.8076e-05,0,0,4.6789e-05,0.00010461,0.00015072,0.00013262,7.5393e-05,6.3985e-05,2.9455e-05,0,0.0001332,9.8694e-05,1.5282e-06,6.0709e-06,0,8.2357e-05,9.7752e-05,2.1958e-05,4.1488e-05,0,2.8936e-05,4.845e-05,0,1.3768e-05,6.1467e-06,8.9677e-06,0,0,0,1.5147e-05,3.2781e-06,3.1419e-05,0,2.1931e-05,0,3.1742e-07,0,0,0,2.4696e-06,6.1214e-06,0,0,2.36e-07,0,0,0,1.4786e-05,2.1623e-05,0,0,0,0,0,0,0,0,0,0,0,0,0,0,0,0,0,0,0,0,0,0,0,0,0,0
0,0,0,0,0,0,0,0,0,0,0,0,0,0,0,0,0,0,0,0,0,0,0,0,0,0,0,0,0,3.7102e-07,0,0,0,1.6809e-06,0,2.0076e-06,2.5277e-06,0,0,0,0,5.1156e-07,0,0,1.1174e-06,0,0,2.2594e-05,6.1004e-06,3.1305e-05,0,0,2.2392e-05,0,0,2.4044e-05,4.5807e-05,6.9472e-05,6.4713e-05,3.1042e-05,3.009e-05,1.3857e-05,0,5.5789e-05,4.9373e-05,6.5773e-06,2.4179e-06,7.4363e-07,3.6224e-05,3.9523e-05,1.0104e-05,1.8552e-05,0,9.9445e-06,2.4172e-05,0,3.5428e-06,1.4903e-06,2.904e-08,0,0,0,9.1404e-07,0,9.5071e-06,2.4254e-06,9.9631e-06,0,7.2979e-07,0,0,0,3.8545e-06,1.2715e-10,0,0,0,0,0,0,5.6378e-06,9.3349e-06,0,0,0,0,0,0,0,0,0,0,0,0,0,0,0,0,0,0,0,0,0,0,0,0,0,0
0,0,0,0,0,0,0,0,0,0,0,0,0,0,0,0,0,0,0,0,0,0,0,0,0,0,0,0,1.4081e-08,1.3341e-07,7.7675e-09,0,0,1.2783e-06,0,8.1336e-07,1.5539e-06,3.3376e-08,0,0,0,3.9415e-07,0,0,0,1.0029e-07,0,1.1634e-05,3.7433e-06,1.241e-05,0,0,4.8067e-06,0,0,1.2525e-05,2.1056e-05,2.9665e-05,2.8218e-05,1.1531e-05,1.2878e-05,7.6201e-06,0,2.3478e-05,2.2452e-05,4.7586e-06,0,1.4087e-06,1.4245e-05,1.5687e-05,4.6667e-06,7.68e-06,1.3596e-06,3.1744e-06,1.0984e-05,0,1.9597e-07,3.2582e-07,0,0,0,0,0,0,2.7014e-06,2.6048e-06,4.4982e-06,0,8.9796e-07,0,0,0,2.5572e-06,0,0,0,0,0,0,0,1.8561e-06,3.7312e-06,0,0,0,0,0,0,0,0,0,0,0,0,0,0,0,0,0,0,0,0,0,0,0,0,0,0
0,0,0,0,0,0,0,0,0,0,0,0,0,0,0,0,0,0,0,0,0,0,0,0,0,0,0,0,3.0561e-08,3.3327e-08,6.6759e-07,0,0,6.1298e-07,1.2946e-07,1.8032e-07,7.4811e-07,0,0,0,0,0,2.1775e-08,0,0,7.1263e-07,0,5.4346e-06,1.6506e-06,5.1271e-06,0,3.2661e-08,1.4281e-06,0,0,6.1037e-06,1.0458e-05,1.1912e-05,1.0891e-05,4.5586e-06,4.8136e-06,4.3846e-06,0,1.1105e-05,9.1183e-06,2.5998e-06,0,7.0903e-07,5.3942e-06,6.6657e-06,2.3063e-06,2.6379e-06,1.567e-06,8.0636e-07,4.5996e-06,0,0,3.0267e-07,0,0,0,0,0,0,1.1416e-06,1.3006e-06,1.7294e-06,0,6.7031e-07,0,0,0,1.0751e-06,0,7.7629e-09,0,0,0,0,0,5.9655e-07,1.519e-06,0,0,0,0,0,0,0,0,0,0,0,0,0,0,0,0,0,0,0,0,0,0,0,0,0,0
0,0,0,0,0,0,0,0,0,0,0,0,0,0,0,0,0,0,0,0,0,0,0,0,0,0,0,0,2.2328e-08,2.4676e-09,6.4297e-07,8.06e-08,0,2.1275e-07,1.9552e-07,0,2.6999e-07,0,0,0,0,0,0,0,0,4.0583e-07,0,2.287e-06,5.4792e-07,2.3037e-06,0,6.4814e-07,1.2054e-06,0,0,2.6441e-06,5.3428e-06,4.5883e-06,3.72e-06,2.2604e-06,1.5189e-06,2.292e-06,0,5.8088e-06,3.2432e-06,1.299e-06,0,2.2516e-07,2.2068e-06,3.1486e-06,1.1819e-06,5.719e-07,6.8024e-07,2.8249e-08,1.8325e-06,0,0,3.6408e-07,0,0,0,0,0,0,7.7142e-07,3.221e-07,4.6937e-07,0,3.6708e-07,0,0,0,2.7007e-07,0,2.5228e-08,0,0,0,0,0,2.3597e-07,6.8389e-07,0,0,0,0,0,0,0,0,0,0,0,0,0,0,0,0,0,0,0,0,0,0,0,0,0,0
0,0,0,0,0,0,0,0,0,0,0,0,0,0,0,0,0,0,0,0,0,0,0,0,0,0,0,0,1.0698e-08,0,3.4215e-07,6.4108e-08,0,4.8204e-08,8.3644e-08,5.1565e-09,6.8341e-08,0,0,8.3805e-10,0,0,0,0,0,1.4531e-07,0,8.4395e-07,1.8566e-07,1.0728e-06,0,5.7776e-07,1.0031e-06,0,2.1198e-10,1.0036e-06,2.6032e-06,1.7302e-06,1.1614e-06,1.278e-06,3.9677e-07,1.021e-06,0,2.9936e-06,9.9047e-07,6.0984e-07,0,5.3352e-08,1.0205e-06,1.5597e-06,5.8492e-07,1.94e-10,1.1443e-07,0,7.2224e-07,0,0,2.6457e-07,0,0,1.38e-08,4.744e-08,0,0,5.1398e-07,0,1.3075e-07,0,1.7971e-07,7.3482e-08,0,1.5275e-09,1.0262e-08,3.2761e-11,1.2253e-08,0,0,0,0,0,1.1801e-07,3.2829e-07,0,0,0,0,0,0,0,0,0,0,0,0,0,0,0,0,0,0,0,0,0,0,0,0,0,0
0,0,0,0,0,0,0,0,0,0,0,0,0,0,0,0,0,0,0,0,0,0,0,0,0,0,0,0,1.056e-08,0,1.2512e-07,2.3747e-08,0,7.8808e-09,1.4964e-08,8.3663e-09,1.0138e-08,0,0,1.9289e-08,0,0,0,0,0,2.6744e-08,0,2.7056e-07,8.9333e-08,4.759e-07,0,3.4065e-07,6.1496e-07,0,5.6359e-09,3.3763e-07,1.1478e-06,6.4315e-07,3.6857e-07,6.8043e-07,8.6499e-08,3.8272e-07,0,1.3964e-06,2.5211e-07,2.5579e-07,0,1.4537e-08,4.8809e-07,7.4155e-07,2.6713e-07,0,0,3.7645e-10,2.8686e-07,0,0,1.3814e-07,0,0,1.2005e-08,4.867e-08,1.8915e-08,0,2.817e-07,0,2.3565e-08,0,8.1105e-08,6.2539e-08,0,4.0449e-08,0,1.3052e-10,2.9018e-09,0,0,0,0,1.2303e-08,5.8505e-08,1.5162e-07,0,0,0,0,0,0,0,0,0,0,0,0,0,0,0,0,0,0,0,0,0,0,0,0,0,0
0,0,0,0,0,0,0,0,0,0,0,0,0,0,0,0,0,0,0,0,0,0,0,0,0,0,0,0,2.2258e-08,0,2.9211e-08,3.7184e-09,0,0,0,5.3261e-09,5.5017e-10,0,0,2.1308e-08,0,0,0,0,0,0,0,7.8838e-08,4.4025e-08,1.9052e-07,0,1.5286e-07,2.9134e-07,0,3.1673e-09,1.0401e-07,4.4715e-07,2.3196e-07,1.3769e-07,3.1309e-07,1.8625e-08,1.2278e-07,0,5.7284e-07,4.9209e-08,8.9782e-08,0,7.1904e-09,2.1698e-07,3.2021e-07,1.1097e-07,0,0,3.4455e-10,1.1286e-07,0,0,5.6279e-08,1.0937e-08,0,5.7413e-09,2.7494e-08,2.7803e-08,0,1.2615e-07,0,1.3783e-10,8.3924e-10,2.8017e-08,2.8668e-08,0,2.8574e-08,0,4.5127e-11,0,0,0,0,0,5.253e-09,2.4311e-08,6.3134e-08,0,0,0,0,0,0,0,0,0,0,0,0,0,0,0,0,0,0,0,0,0,0,0,0,0,0
0,0,0,0,0,0,0,0,0,0,0,0,0,0,0,0,0,0,0,0,0,0,0,0,0,0,0,0,1.3113e-08,0,1.2804e-09,3.5528e-10,0,0,5.7512e-13,2.4337e-09,4.6156e-10,0,0,1.0651e-08,0,0,0,0,0,0,0,2.3566e-08,1.947e-08,6.7779e-08,0,5.6323e-08,1.1235e-07,0,1.1195e-09,3.0742e-08,1.5374e-07,7.8832e-08,5.955e-08,1.2305e-07,6.1937e-09,3.568e-08,0,2.0775e-07,4.5306e-09,2.4555e-08,0,3.9427e-09,8.5203e-08,1.2325e-07,4.1968e-08,0,0,1.2736e-10,4.2444e-08,0,0,1.901e-08,6.1009e-09,0,1.6533e-09,1.17e-08,1.4863e-08,0,4.7214e-08,0,0,1.5384e-09,7.4553e-09,9.6146e-09,0,1.1077e-08,0,2.1961e-12,0,0,0,0,0,7.7075e-10,7.8684e-09,2.3355e-08,0,0,0,0,0,0,0,0,0,0,0,0,0,0,0,0,0,0,0,0,0,0,0,0,0,0
0,0,0,0,0,0,0,0,0,0,0,0,0,0,0,0,0,0,0,0,0,0,0,0,0,0,0,0,5.1181e-09,0,0,0,0,0,7.719e-12,8.9158e-10,5.6157e-10,1.035e-10,0,3.5092e-09,0,0,0,0,0,0,0,7.9331e-09,7.2904e-09,2.1694e-08,0,1.811e-08,3.6892e-08,0,3.0913e-10,9.0694e-09,4.7685e-08,2.4692e-08,2.5127e-08,4.2072e-08,2.1336e-09,1.0521e-08,0,6.8339e-08,2.8925e-10,4.5426e-09,0,1.8503e-09,2.9364e-08,4.2545e-08,1.4502e-08,0,0,0,1.4805e-08,0,2.5611e-11,5.7684e-09,1.7488e-09,0,2.7551e-11,3.9587e-09,5.7494e-09,0,1.5192e-08,0,0,4.5814e-10,1.5119e-09,2.5403e-09,0,3.0424e-09,0,0,0,0,0,0,0,0,1.8149e-09,7.7924e-09,0,0,0,0,0,0,0,0,0,0,0,0,0,0,0,0,0,0,0,0,0,0,0,0,0,0
0,0,0,0,0,0,0,0,0,0,0,0,0,0,0,0,0,0,0,0,0,0,0,0,0,0,0,0,1.4425e-09,0,0,0,0,0,5.2938e-11,2.7849e-10,3.1142e-10,3.9692e-10,0,7.4136e-10,0,0,0,0,0,1.5933e-10,0,2.762e-09,2.2858e-09,6.4471e-09,0,5.3668e-09,1.0872e-08,0,8.0909e-11,2.6773e-09,1.4027e-08,7.147e-09,9.1222e-09,1.2981e-08,6.3636e-10,3.4944e-09,0,2.1202e-08,0,2.3411e-10,0,6.2308e-10,9.0732e-09,1.3491e-08,4.5844e-09,0,0,0,4.7202e-09,0,1.2451e-11,1.7583e-09,3.2529e-10,0,0,1.0574e-09,1.9682e-09,0,4.3633e-09,0,0,0,4.5361e-10,5.4025e-10,0,6.7417e-10,0,0,0,0,0,0,0,0,2.3671e-10,2.4119e-09,0,0,0,0,0,0,0,0,0,0,0,0,0,0,0,0,0,0,0,0,0,0,0,0,0,0
0,0,0,0,0,0,0,0,0,0,0,0,0,0,0,0,0,0,0,0,0,0,0,0,0,0,0,0,2.8896e-10,0,0,0,0,1.8221e-11,5.2164e-11,7.881e-11,1.1074e-10,1.7567e-10,0,6.1435e-11,0,0,0,0,0,1.1868e-10,0,8.521e-10,6.1055e-10,1.8498e-09,0,1.5347e-09,3.0773e-09,0,2.4888e-11,7.6188e-10,4.1793e-09,1.9827e-09,2.6981e-09,3.7966e-09,1.7848e-10,1.2636e-09,0,6.4434e-09,0,0,0,1.3591e-10,2.6229e-09,4.0702e-09,1.3246e-09,0,0,0,1.3757e-09,0,3.6657e-12,5.7947e-10,5.6257e-11,0,0,2.1414e-10,5.9699e-10,0,1.18e-09,0,0,0,1.6725e-10,8.7511e-11,0,1.6111e-10,0,8.1146e-13,0,0,0,2.7244e-12,0,0,1.6661e-11,7.0951e-10,0,0,0,0,0,0,0,0,0,0,0,0,0,0,0,0,0,0,0,0,0,0,0,0,0,0
0,0,0,0,0,0,0,0,0,0,0,0,0,0,0,0,0,0,0,0,0,0,0,0,0,0,0,0,3.3016e-11,2.1877e-11,0,0,6.4775e-12,3.0624e-11,8.7332e-12,2.1523e-11,2.8615e-11,5.0271e-11,0,5.393e-12,0,0,0,0,0,2.8527e-11,0,2.1083e-10,1.4656e-10,5.2458e-10,0,4.2124e-10,8.8832e-10,0,8.5485e-12,1.9844e-10,1.2998e-09,5.5632e-10,6.3311e-10,1.0973e-09,6.2653e-11,4.4122e-10,0,1.944e-09,0,0,0,1.3942e-11,7.4559e-10,1.2034e-09,3.4949e-10,0,0,0,3.7145e-10,0,1.9177e-12,1.9707e-10,2.0391e-11,0,0,3.191e-11,1.8032e-10,0,3.1899e-10,0,0,0,6.6904e-11,5.4393e-12,0,5.4363e-11,0,7.8204e-13,0,0,0,0,0,0,0,1.9903e-10,0,0,0,0,0,0,0,0,0,0,0,0,0,0,0,0,0,0,0,0,0,0,0,0,0,0
0,0,0,0,0,0,0,0,0,0,0,0,0,0,0,0,0,0,0,0,0,0,0,0,0,0,0,0,6.1636e-13,1.6321e-11,0,0,3.1475e-12,2.0012e-11,2.3143e-13,1.0468e-11,6.0124e-12,1.1018e-11,0,0,0,0,1.5122e-12,0,0,0,0,4.1939e-11,3.4777e-11,1.454e-10,0,1.0557e-10,2.6246e-10,0,2.567e-12,4.5106e-11,4.0584e-10,1.6084e-10,1.1578e-10,3.1404e-10,2.7999e-11,1.3681e-10,0,5.7031e-10,0,1.7734e-13,0,0,2.1308e-10,3.4928e-10,8.4115e-11,0,0,0,9.4867e-11,0,9.0673e-12,6.2378e-11,8.8801e-12,0,0,5.2831e-12,5.6901e-11,0,8.8634e-11,0,0,0,2.4383e-11,0,0,2.0144e-11,0,1.181e-11,0,0,0,0,0,0,0,5.2121e-11,0,0,0,0,0,0,0,0,0,0,0,0,0,0,0,0,0,0,0,0,0,0,0,0,0,0
0,0,0,0,0,0,0,0,0,0,0,0,0,0,0,0,0,0,0,0,0,0,0,0,0,0,0,0,2.9545e-13,6.4217e-12,1.736e-13,8.569e-16,5.9075e-13,7.7655e-12,0,4.13e-12,1.3074e-12,2.0861e-12,0,0,0,0,1.7312e-12,0,0,0,0,6.8535e-12,8.9141e-12,3.8123e-11,0,2.2978e-11,7.5487e-11,0,1.0171e-12,8.7274e-12,1.1929e-10,4.6078e-11,1.8471e-11,8.588e-11,1.2797e-11,3.6357e-11,0,1.5741e-10,0,7.1406e-12,0,0,5.9926e-11,9.7228e-11,1.8566e-11,0,0,0,2.3464e-11,0,7.7444e-12,1.7055e-11,2.4433e-12,0,0,2.4917e-12,1.7945e-11,0,2.4738e-11,0,0,0,7.9768e-12,0,0,6.226e-12,0,5.2692e-12,0,0,0,0,0,0,0,1.2444e-11,0,0,0,0,0,0,0,0,0,0,0,0,0,0,0,0,0,0,0,0,0,0,0,0,0,0
0,0,0,0,0,0,0,0,0,0,0,0,0,0,0,0,0,0,0,0,0,0,0,0,0,0,0,0,9.3474e-14,1.9876e-12,7.2673e-13,9.2273e-14,5.0899e-14,2.3838e-12,7.2018e-13,1.2368e-12,3.6868e-13,3.9631e-13,0,0,0,0,5.1187e-13,0,0,0,0,1.0111e-12,2.4165e-12,9.1307e-12,0,4.1057e-12,1.9905e-11,0,5.2302e-14,1.5129e-12,3.1518e-11,1.2326e-11,3.7248e-12,2.1413e-11,5.224e-12,8.1317e-12,0,3.9807e-11,0,3.8359e-12,0,0,1.5828e-11,2.5146e-11,3.8134e-12,0,0,0,5.6662e-12,0,3.0789e-12,3.8321e-12,2.1518e-13,0,2.6291e-14,1.3579e-12,5.2377e-12,0,6.5971e-12,0,0,0,2.2598e-12,0,0,1.4809e-12,0,1.2761e-12,0,0,0,0,0,2.1624e-15,1.3082e-13,2.7001e-12,0,0,0,0,0,0,0,0,0,0,0,0,0,0,0,0,0,0,0,0,0,0,0,0,0,0
0,0,0,0,0,0,0,0,0,0,0,0,0,0,0,0,0,0,0,0,0,0,0,0,0,0,0,0,2.3136e-14,5.4017e-13,2.7181e-13,4.4381e-14,1.359e-14,6.2988e-13,3.9125e-13,2.8811e-13,1.135e-13,7.688e-14,0,0,0,0,7.5169e-14,0,0,0,0,2.1233e-13,6.265e-13,1.9429e-12,0,5.4491e-13,4.612e-12,0,0,3.0649e-13,7.3262e-12,2.9657e-12,1.2134e-12,4.6919e-12,1.6067e-12,1.4967e-12,0,9.0971e-12,0,1.2877e-12,0,0,3.7658e-12,5.8926e-12,7.4961e-13,0,0,0,1.3107e-12,0,8.3591e-13,6.6441e-13,0,0,0,5.5838e-13,1.3364e-12,0,1.614e-12,0,0,0,4.9648e-13,0,0,2.6749e-13,0,1.7653e-13,0,0,0,0,0,1.1609e-13,6.6983e-14,5.5288e-13,0,0,0,0,0,0,0,0,0,0,0,0,0,0,0,0,0,0,0,0,0,0,0,0,0,0
0,0,0,0,0,0,0,0,0,0,0,0,0,0,0,0,0,0,0,0,0,0,0,0,0,0,0,0,4.8028e-15,1.3505e-13,6.8869e-14,9.149e-15,3.285e-15,1.4856e-13,1.1952e-13,5.2041e-14,3.013e-14,1.1165e-14,0,0,0,0,0,0,0,0,0,7.2795e-14,1.4383e-13,3.595e-13,0,3.5529e-14,9.1441e-13,0,0,9.3738e-14,1.4909e-12,6.3805e-13,4.5333e-13,8.8368e-13,3.9645e-13,2.1598e-13,0,1.8735e-12,4.3274e-15,3.1279e-13,0,0,7.8771e-13,1.2335e-12,1.4669e-13,0,0,0,2.7942e-13,0,1.6119e-13,9.3601e-14,0,0,0,1.7039e-13,2.8679e-13,0,3.5528e-13,0,0,0,8.0676e-14,0,0,3.8363e-14,2.1189e-17,1.573e-15,0,0,0,0,0,6.7439e-14,1.8018e-14,1.1516e-13,0,0,0,0,0,0,0,0,0,0,0,0,0,0,0,0,0,0,0,0,0,0,0,0,0,0
0,0,0,0,0,0,0,0,0,0,0,0,0,0,0,0,0,0,0,0,0,0,0,0,0,0,0,0,8.7545e-16,3.1057e-14,1.3921e-14,4.4685e-16,7.4594e-16,3.1471e-14,2.7282e-14,7.0924e-15,6.5288e-15,1.5701e-17,0,0,0,0,0,0,0,0,0,2.5954e-14,2.8418e-14,5.6906e-14,0,0,1.5217e-13,0,0,3.2887e-14,2.6753e-13,1.2536e-13,1.4613e-13,1.4231e-13,8.1286e-14,2.1337e-14,0,3.4963e-13,2.7275e-15,5.6135e-14,6.3348e-15,0,1.441e-13,2.2966e-13,2.9416e-14,0,0,0,5.2745e-14,0,1.906e-14,9.5914e-15,0,0,0,3.9399e-14,4.9584e-14,0,7.0331e-14,0,0,0,7.7428e-15,2.6161e-15,0,5.9419e-15,9.5829e-16,1.6015e-16,0,0,0,0,0,1.9475e-14,3.2901e-15,2.5484e-14,0,0,0,0,0,0,0,0,0,0,0,0,0,0,0,0,0,0,0,0,0,0,0,0,0,0
0,0,0,0,0,0,0,0,0,0,0,0,0,0,0,0,0,0,0,0,0,0,0,0,0,0,0,0,1.4156e-16,6.3189e-15,2.2825e-15,0,1.4986e-16,5.8359e-15,4.9765e-15,7.4251e-16,1.2495e-15,0,0,0,0,0,0,0,1.4619e-15,0,0,8.2071e-15,4.8947e-15,7.6828e-15,0,0,2.0878e-14,0,0,1.0037e-14,4.3204e-14,2.3391e-14,3.8101e-14,2.0137e-14,1.4331e-14,1.6684e-15,0,5.9875e-14,7.2426e-16,7.0604e-15,1.8829e-15,1.4406e-15,2.3515e-14,3.8267e-14,5.9802e-15,0,0,0,8.563e-15,0,9.7817e-17,2.5193e-16,0,0,0,7.081e-15,6.2817e-15,0,1.2704e-14,0,0,0,1.1016e-16,1.2886e-15,0,1.5389e-15,1.8314e-16,1.3753e-19,0,0,0,0,0,3.706e-15,4.3761e-16,5.6787e-15,0,0,0,0,0,0,0,0,0,0,0,0,0,0,0,0,0,0,0,0,0,0,0,0,0,0
0,0,0,0,0,0,0,0,0,0,0,0,0,0,0,0,0,0,0,0,0,0,0,0,0,0,0,0,1.8641e-17,1.0737e-15,2.7911e-16,0,2.352e-17,8.8568e-16,7.2949e-16,1.0462e-16,2.5302e-16,0,0,0,0,0,0,0,3.5704e-16,3.5274e-16,0,2.2842e-15,7.8505e-16,9.2654e-16,0,0,2.3209e-15,0,0,2.4852e-15,6.5222e-15,4.2952e-15,8.2684e-15,2.755e-15,2.2989e-15,1.9504e-16,0,9.5892e-15,1.3794e-16,4.6974e-16,2.6011e-16,8.2588e-16,3.622e-15,5.8193e-15,1.1766e-15,0,0,0,1.1839e-15,0,0,0,0,0,0,9.8179e-16,3.7437e-16,0,2.1454e-15,0,0,0,0,3.5512e-16,0,4.9951e-16,0,0,0,0,0,0,0,4.2266e-16,4.948e-17,1.1594e-15,0,0,0,0,0,0,0,0,0,0,0,0,0,0,0,0,0,0,0,0,0,0,0,0,0,0
0,0,0,0,0,0,0,0,0,0,0,0,0,0,0,0,0,0,0,0,0,0,0,0,0,0,0,0,1.2646e-18,1.4038e-16,1.5469e-17,0,2.1628e-18,9.2592e-17,8.0106e-17,3.6408e-17,5.9213e-17,0,0,0,0,0,0,0,3.6161e-17,2.1212e-16,0,5.3434e-16,1.3278e-16,1.1837e-16,0,0,2.0586e-16,0,0,4.9623e-16,9.6493e-16,7.8061e-16,1.5368e-15,4.2033e-16,3.7705e-16,2.5124e-17,0,1.4664e-15,2.157e-17,0,0,2.4245e-16,5.7073e-16,8.356e-16,2.1345e-16,0,0,0,1.4238e-16,0,0,0,0,0,0,1.0352e-16,0,0,3.4623e-16,0,0,0,0,7.1862e-17,0,1.3858e-16,0,0,0,0,0,0,0,9.5817e-19,7.3061e-18,2.0424e-16,0,0,0,0,0,0,0,0,0,0,0,0,0,0,0,0,0,0,0,0,0,0,0,0,0,0
0,0,0,0,0,0,0,0,0,0,0,0,0,0,0,0,0,0,0,0,0,0,0,0,0,0,0,0,0,1.1318e-17,2.0341e-19,0,0,2.8476e-18,4.1049e-18,1.287e-17,1.3779e-17,0,0,0,0,0,0,0,0,5.9587e-17,0,1.0646e-16,2.5595e-17,2.0175e-17,0,1.1628e-17,1.3707e-17,0,0,7.9098e-17,1.4196e-16,1.3601e-16,2.4929e-16,7.1671e-17,6.4002e-17,3.6218e-18,0,2.1489e-16,3.1721e-18,0,0,5.2915e-17,9.4151e-17,1.1611e-16,3.4481e-17,0,8.783e-18,0,1.5434e-17,0,0,0,0,0,0,9.7816e-18,0,0,5.3104e-17,0,0,0,0,1.1301e-17,0,3.1109e-17,0,0,0,0,0,0,0,0,2.8229e-18,3.0604e-17,0,0,0,0,0,0,0,0,0,0,0,0,0,0,0,0,0,0,0,0,0,0,0,0,0,0
0,0,0,0,0,0,0,0,0,0,0,0,0,0,0,0,0,0,0,0,0,0,0,0,0,0,0,0,0,0,0,0,0,0,0,3.3902e-18,2.7238e-18,0,0,0,0,0,0,0,0,1.2029e-17,0,1.8009e-17,7.5836e-18,3.1558e-18,0,4.3938e-18,4.3263e-19,0,0,9.7069e-18,2.0038e-17,2.1926e-17,3.5977e-17,1.1625e-17,1.1254e-17,7.3407e-19,0,2.9816e-17,5.2086e-19,0,0,1.0274e-17,1.5195e-17,1.5581e-17,4.9079e-18,0,2.8487e-18,0,1.4142e-18,0,0,0,0,0,2.4621e-20,8.9011e-19,0,0,7.5284e-18,0,0,0,5.2947e-19,1.3733e-18,0,5.8318e-18,0,0,0,0,0,0,0,0,6.4774e-19,4.1275e-18,0,0,0,0,0,0,0,0,0,0,0,0,0,0,0,0,0,0,0,0,0,0,0,0,0,0
0,0,0,0,0,0,0,0,0,0,0,0,0,0,0,0,0,0,0,0,0,0,0,0,0,0,0,0,3.8752e-20,0,0,0,0,0,1.2678e-20,6.7748e-19,3.9604e-19,1.1732e-20,0,3.2319e-20,0,0,0,0,0,2.0157e-18,0,2.548e-18,1.8305e-18,3.3566e-19,0,9.5288e-19,0,0,0,8.0246e-19,2.5119e-18,3.1946e-18,4.7258e-18,1.5289e-18,1.8892e-18,1.5053e-19,0,3.8015e-18,9.604e-20,0,0,1.9108e-18,2.1627e-18,1.9329e-18,6.2026e-19,0,6.403e-19,0,3.7179e-20,0,0,0,0,0,2.4419e-19,1.1928e-19,0,0,9.4592e-19,0,4.9965e-21,0,1.9319e-19,1.1753e-19,0,9.5719e-19,0,0,0,0,0,0,0,0,7.4619e-20,5.8411e-19,0,0,0,0,0,0,0,0,0,0,0,0,0,0,0,0,0,0,0,0,0,0,0,0,0,0
0,0,0,0,0,0,0,0,0,0,0,0,0,0,0,0,0,0,0,0,0,0,0,0,0,0,0,0,9.4728e-21,0,0,0,0,0,4.0185e-21,1.0518e-19,3.6397e-20,1.785e-20,0,3.4826e-20,2.0377e-21,0,0,0,0,2.9723e-19,0,2.9209e-19,3.4931e-19,1.8064e-21,0,1.4737e-19,0,0,0,1.3875e-20,2.5245e-19,4.1541e-19,5.8205e-19,1.3862e-19,2.7073e-19,2.048e-20,0,4.2798e-19,1.6252e-20,0,0,3.4282e-19,2.4512e-19,2.069e-19,7.0558e-20,0,1.2825e-19,0,0,2.4851e-20,0,0,0,0,5.4533e-20,2.5609e-20,0,0,1.0031e-19,2.7668e-20,5.0581e-20,1.9255e-21,2.965e-20,3.4944e-21,0,1.4472e-19,0,0,0,0,0,0,0,0,2.3145e-21,9.8661e-20,0,0,0,0,0,0,0,0,0,0,0,0,0,0,0,0,0,0,0,0,0,0,0,0,0,0
0,0,0,0,0,0,0,0,0,0,0,0,0,0,0,0,0,0,0,0,0,0,0,0,0,0,0,0,0,0,0,0,0,0,7.1206e-22,1.2517e-20,1.3988e-22,2.5711e-21,0,9.5235e-21,5.7355e-21,0,0,0,1.5327e-22,3.9687e-20,8.2587e-23,2.5105e-20,5.4804e-20,0,0,1.6146e-20,0,0,0,0,1.6717e-20,4.7405e-20,6.9373e-20,5.0388e-21,3.0472e-20,7.7241e-22,0,4.0503e-20,1.9878e-21,0,0,5.7667e-20,1.8239e-20,1.7652e-20,7.0815e-21,0,2.1383e-20,0,0,1.5561e-20,0,0,0,0,7.0207e-21,5.7476e-21,0,0,8.2785e-21,8.0473e-21,1.2655e-20,0,1.6483e-21,0,1.5457e-21,2.0943e-20,1.8536e-21,0,0,0,0,3.697e-21,0,0,0,1.8069e-20,0,0,0,0,0,0,0,0,0,0,0,0,0,0,0,0,0,0,0,0,0,0,0,0,0,0
0,0,0,0,0,0,0,0,0,0,0,0,0,0,0,0,0,0,0,0,0,0,0,0,0,0,0,0,0,4.7056e-23,4.4325e-23,0,0,9.7904e-23,9.546e-23,1.0155e-21,0,2.1722e-22,0,1.5011e-21,1.1667e-21,0,0,0,4.4366e-23,4.8471e-21,3.166e-22,1.1834e-21,7.2499e-21,0,0,9.6044e-22,0,0,0,0,4.0658e-22,4.5007e-21,8.1195e-21,1.5873e-22,2.3163e-21,0,0,2.9528e-21,8.5986e-23,0,0,8.8387e-21,3.2403e-22,1.0859e-21,5.3101e-22,0,2.9498e-21,0,0,3.2759e-21,0,0,1.1887e-23,0,5.0733e-22,1.1934e-21,0,0,3.7957e-22,1.303e-21,1.8758e-21,0,0,0,1.3771e-21,2.9162e-21,7.093e-22,0,0,0,0,7.931e-22,0,0,0,3.0382e-21,0,0,0,0,0,0,0,0,0,0,0,0,0,0,0,0,0,0,0,0,0,0,0,0,0,0
0,0,0,0,0,0,0,0,0,0,0,0,0,0,0,0,0,0,0,0,0,0,0,0,0,0,0,0,3.3003e-24,1.1195e-23,5.2047e-23,0,2.0062e-23,8.7994e-23,9.997e-24,1.6106e-23,0,1.9829e-23,0,1.7617e-22,1.2404e-22,0,0,0,7.8106e-24,5.4266e-22,1.7862e-22,3.1903e-24,8.2385e-22,0,0,0,0,0,0,0,3.5167e-23,2.9054e-22,9.1417e-22,0,7.2956e-23,0,0,1.164e-22,0,0,0,1.2136e-21,0,7.2002e-23,1.2707e-23,0,3.2938e-22,0,0,4.8184e-22,0,0,2.3921e-24,0,1.4081e-25,2.3042e-22,0,0,3.7264e-24,1.4012e-22,1.9064e-22,0,0,0,3.2361e-22,3.7961e-22,1.149e-22,0,0,0,0,9.16e-23,0,0,0,4.3384e-22,0,0,0,0,0,0,0,0,0,0,0,0,0,0,0,0,0,0,0,0,0,0,0,0,0,0
0,0,0,0,0,0,0,0,0,0,0,0,0,0,0,0,0,0,0,0,0,0,0,0,0,0,0,0,6.7431e-25,3.609e-24,1.3755e-23,2.5722e-24,1.1473e-23,1.5559e-23,7.5878e-25,0,0,1.243e-24,0,1.6875e-23,6.5398e-24,0,0,0,4.0393e-24,5.6343e-23,3.886e-23,0,8.1846e-23,0,0,2.4102e-25,0,0,0,0,3.8436e-24,0,9.3998e-23,0,0,0,0,0,0,0,0,1.4782e-22,0,5.2377e-24,0,0,2.8003e-23,0,0,5.4897e-23,0,0,7.5368e-26,0,0,3.1299e-23,2.9243e-24,0,0,9.3615e-24,1.2492e-23,0,0,0,4.7666e-23,4.4332e-23,1.254e-23,0,0,0,0,5.8082e-24,0,0,0,5.1957e-23,0,0,0,0,0,0,0,0,0,0,0,0,0,0,0,0,0,0,0,0,0,0,0,0,0,0
0,0,0,0,0,0,0,0,0,0,0,0,0,0,0,0,0,0,0,0,0,0,0,0,0,0,0,0,8.0463e-26,5.7859e-25,2.2581e-24,1.4535e-24,2.0631e-24,1.6674e-24,2.7405e-26,0,0,3.5591e-26,0,1.638e-24,3.0256e-25,1.1576e-27,0,0,6.2693e-25,5.6285e-24,5.3239e-24,0,7.2764e-24,0,0,1.424e-25,0,1.2041e-26,0,0,5.1686e-25,0,8.2483e-24,0,0,0,0,0,0,0,0,1.5869e-23,0,4.9382e-25,0,0,1.3956e-24,0,0,4.9776e-24,0,0,0,0,1.9443e-26,3.1873e-24,4.7277e-25,0,0,7.8517e-25,3.4655e-25,0,0,0,5.3307e-24,4.4874e-24,1.0195e-24,0,0,0,0,6.5614e-26,0,0,0,5.3607e-24,0,0,0,0,0,0,0,0,0,0,0,0,0,0,0,0,0,0,0,0,0,0,0,0,0,0
0,0,0,0,0,0,0,0,0,0,0,0,0,0,0,0,0,0,0,0,0,0,0,0,0,0,0,0,7.0704e-27,8.5532e-26,2.8393e-25,2.4803e-25,2.7411e-25,1.2204e-25,0,1.9551e-26,0,0,0,1.649e-25,2.9484e-26,7.0084e-26,0,0,7.8747e-26,5.5724e-25,5.6428e-25,0,5.8511e-25,0,0,2.721e-26,0,3.9011e-25,0,0,6.5973e-26,0,5.4395e-25,0,0,0,2.3545e-26,0,0,0,4.3873e-26,1.4661e-24,0,3.5922e-26,0,0,3.2737e-26,0,0,3.5364e-25,0,0,0,0,2.665e-26,2.4528e-25,1.7021e-26,0,0,4.1779e-26,2.6341e-27,0,0,0,4.7568e-25,3.7657e-25,5.2427e-26,0,0,0,2.0801e-26,0,0,3.0713e-26,0,5.021e-25,0,0,0,0,0,0,0,0,0,0,0,0,0,0,0,0,0,0,0,0,0,0,0,0,0,0
0,0,0,0,0,0,0,0,0,0,0,0,0,0,0,0,0,0,0,0,0,0,0,0,0,0,0,0,5.2393e-28,1.166e-26,2.8453e-26,2.772e-26,2.9007e-26,5.2914e-27,0,2.4027e-27,0,2.6062e-27,0,1.558e-26,2.6028e-27,2.2017e-26,0,0,1.0558e-26,5.4078e-26,5.0411e-26,0,4.2855e-26,0,0,3.5075e-27,0,9.7053e-26,0,0,1.7338e-26,0,1.7676e-26,0,0,0,4.1759e-27,0,0,0,2.3514e-26,1.1263e-25,0,0,0,0,3.0255e-27,0,0,2.3159e-26,0,0,0,3.1326e-27,2.1615e-26,1.4466e-26,0,0,0,7.8395e-29,3.7847e-27,0,0,0,3.4995e-26,2.4644e-26,5.1131e-27,3.7333e-28,0,0,1.596e-26,0,0,1.6356e-26,5.8822e-28,4.6991e-26,0,0,0,0,0,0,0,0,0,0,0,0,0,0,0,0,0,0,0,0,0,0,0,0,0,0
0,0,0,0,0,0,0,0,0,0,0,0,0,0,0,0,0,0,0,0,0,0,0,0,0,0,0,0,4.3416e-29,1.3171e-27,2.2336e-27,2.3657e-27,2.32e-27,5.6848e-28,4.4564e-28,1.2985e-30,0,7.194e-28,0,1.2356e-27,1.491e-28,3.4624e-27,4.3401e-29,0,1.8562e-27,4.7418e-27,4.1116e-27,0,2.7953e-27,1.4847e-28,1.3379e-29,3.393e-28,0,1.4568e-26,0,5.7971e-29,2.2738e-27,0,0,0,0,0,4.131e-28,0,0,0,2.8333e-27,6.6954e-27,0,0,0,1.7247e-28,2.8607e-28,0,0,1.6295e-27,0,2.2227e-28,0,1.3096e-27,4.3365e-27,7.5103e-28,0,0,0,0,1.5137e-27,0,0,0,2.4023e-27,1.0605e-27,3.7142e-28,1.9929e-27,0,6.6572e-28,2.4264e-27,0,0,2.7503e-27,3.3303e-28,4.761e-27,0,0,0,0,0,0,0,0,0,0,0,0,0,0,0,0,0,0,0,0,0,0,0,0,0,0
0,0,0,0,0,0,0,0,0,0,0,0,0,0,0,0,0,0,0,0,0,0,0,0,0,0,0,0,5.2574e-30,1.055e-28,1.229e-28,1.7513e-28,1.1171e-28,5.7787e-29,7.4018e-29,0,0,8.0255e-29,0,9.847e-29,0,3.8945e-28,2.2799e-28,3.4084e-29,2.6064e-28,3.2765e-28,3.222e-28,0,1.4588e-28,3.8045e-28,2.5369e-30,2.5299e-29,0,1.6228e-27,0,1.5188e-28,2.6793e-28,0,0,0,0,0,1.9112e-29,0,0,0,6.7305e-29,2.4084e-28,0,0,0,7.3088e-29,2.5982e-29,0,0,1.2773e-28,0,1.6876e-28,0,1.681e-28,5.8898e-28,5.6474e-29,0,0,0,0,2.5691e-28,0,0,0,1.9261e-28,2.4441e-29,1.314e-29,2.7195e-28,2.1511e-29,1.6773e-28,2.4219e-28,4.6263e-31,0,3.1594e-28,3.8813e-29,5.1151e-28,0,0,0,0,0,0,0,0,0,0,0,0,0,0,0,0,0,0,0,0,0,0,0,0,0,0
0,0,0,0,0,0,0,0,0,0,0,0,0,0,0,0,0,0,0,0,0,0,0,0,0,0,0,0,7.4991e-31,4.3527e-30,1.7942e-30,1.4373e-29,0,4.1452e-30,2.7572e-31,3.7211e-30,0,3.6222e-30,0,7.6113e-30,0,3.2476e-29,3.5238e-29,1.1526e-29,2.8398e-29,1.3303e-29,2.6398e-29,0,7.1924e-30,6.9262e-29,0,1.431e-30,0,1.4052e-28,0,2.842e-29,3.7706e-29,1.4944e-29,0,0,0,0,0,0,0,0,0,4.5907e-30,2.4162e-30,0,5.0715e-32,1.1401e-29,2.1847e-30,0,8.0696e-30,9.9704e-30,0,2.452e-29,0,1.322e-29,6.1748e-29,7.5863e-30,0,0,0,0,2.8779e-29,0,0,0,1.244e-29,1.0164e-30,0,2.1236e-29,1.173e-29,1.8442e-29,1.7842e-29,2.5425e-30,0,2.8413e-29,1.3762e-30,5.3522e-29,0,0,0,0,0,0,0,0,0,0,0,0,0,0,0,0,0,0,0,0,0,0,0,0,0,0
0,0,0,0,0,0,0,0,0,0,0,0,0,0,0,0,0,0,0,0,0,0,0,0,0,0,0,0,9.6457e-32,0,0,1.5226e-30,0,9.009e-32,0,1.2458e-30,0,0,0,6.6738e-31,0,1.8059e-30,3.3627e-30,8.9786e-31,2.2694e-30,7.5506e-32,1.4588e-30,0,6.5273e-31,9.3316e-30,0,6.5648e-31,0,9.1545e-30,1.364e-31,3.5623e-30,5.6191e-30,4.8343e-30,1.7091e-31,9.1316e-31,0,0,0,2.0447e-30,0,0,0,0,4.6609e-30,0,5.3243e-31,1.3118e-30,1.6101e-31,0,3.0865e-30,5.9002e-31,0,2.5019e-30,0,4.3656e-31,5.1455e-30,1.1885e-30,0,0,4.419e-31,0,2.3158e-30,0,0,0,4.1419e-31,2.8056e-33,0,9.1257e-31,2.0333e-30,1.2668e-30,9.1133e-31,2.597e-31,0,2.1544e-30,0,5.1353e-30,0,0,0,0,0,0,0,0,0,0,0,0,0,0,0,0,0,0,0,0,0,0,0,0,0,0
0,0,0,0,0,0,0,0,0,0,0,0,0,0,0,0,0,0,0,0,0,0,0,0,0,0,0,0,3.6518e-32,0,0,1.7053e-31,0,0,2.9729e-32,1.5842e-31,0,0,0,7.2399e-32,0,2.7226e-32,2.2885e-31,0,1.0432e-31,0,1.1998e-34,0,6.1893e-32,9.8626e-31,0,1.452e-31,2.4805e-31,3.7359e-31,2.2984e-32,3.5402e-31,7.3077e-31,6.9873e-31,2.1021e-31,4.8054e-31,0,3.1484e-31,0,6.6655e-31,0,0,0,0,6.875e-31,0,7.6214e-32,8.6034e-32,8.2966e-33,1.9369e-31,4.3685e-31,1.3659e-32,0,1.9961e-31,0,0,3.3651e-31,1.7604e-31,0,0,1.7274e-31,0,1.2896e-31,0,2.1989e-32,0,0,0,0,0,2.2957e-31,3.3109e-32,1.5423e-32,1.049e-32,0,1.4743e-31,5.402e-33,4.4494e-31,0,0,0,0,0,0,0,0,0,0,0,0,0,0,0,0,0,0,0,0,0,0,0,0,0,0
0,0,0,0,0,0,0,0,0,0,0,0,0,0,0,0,0,0,0,0,0,0,0,0,0,0,0,0,6.0319e-33,5.8717e-34,0,1.65e-32,0,0,9.5644e-33,1.3094e-32,0,0,0,7.8076e-33,0,0,1.3061e-32,0,0,2.3501e-37,0,6.3739e-33,5.2974e-33,8.4786e-32,0,1.857e-32,5.7274e-32,4.0243e-33,1.6109e-33,2.9053e-32,7.7042e-32,6.9806e-32,3.9028e-32,6.5392e-32,0,4.6196e-32,0,8.6567e-32,0,0,0,0,6.742e-32,1.3116e-32,2.9468e-33,3.3619e-33,0,2.9571e-32,4.242e-32,0,0,1.2007e-32,0,0,1.6216e-32,2.2707e-32,0,0,2.0179e-32,0,3.5794e-33,0,2.3552e-33,0,0,0,0,0,1.9308e-32,0,3.5189e-34,7.7006e-34,0,9.6065e-33,6.3207e-33,3.5378e-32,0,0,0,0,0,0,0,0,0,0,0,0,0,0,0,0,0,0,0,0,0,0,0,0,0,0
0,0,0,0,0,0,0,0,0,0,0,0,0,0,0,0,0,0,0,0,0,0,0,0,0,0,0,0,4.2184e-34,2.9844e-34,0,1.2956e-33,1.1746e-34,0,8.4846e-34,7.708e-34,0,0,0,7.0403e-34,0,0,4.4422e-34,0,0,2.2487e-34,0,1.4853e-33,3.9913e-34,5.9592e-33,0,1.7574e-33,5.587e-33,0,5.4759e-36,1.9815e-33,6.4939e-33,5.5438e-33,4.2089e-33,6.0095e-33,0,3.6812e-33,0,7.5987e-33,0,0,0,8.3241e-35,5.1089e-33,1.8764e-33,0,0,0,2.5446e-33,3.3682e-33,0,0,4.4117e-34,0,0,3.5272e-34,2.4345e-33,0,0,1.504e-33,0,1.8127e-35,0,0,0,0,0,1.0187e-35,0,1.2412e-33,0,0,4.1825e-35,0,6.0293e-34,6.941e-34,2.6847e-33,0,0,0,0,0,0,0,0,0,0,0,0,0,0,0,0,0,0,0,0,0,0,0,0,0,0
0,0,0,0,0,0,0,0,0,0,0,0,0,0,0,0,0,0,0,0,0,0,0,0,0,0,0,0,8.9701e-36,5.3207e-35,0,7.9794e-35,3.0822e-35,0,3.9249e-35,2.7972e-35,6.3491e-36,0,0,5.0095e-35,0,0,0,0,0,6.1104e-35,0,1.4517e-34,2.8213e-35,3.2433e-34,0,1.2891e-34,3.4881e-34,0,0,1.0894e-34,4.267e-34,3.5236e-34,3.2035e-34,4.0563e-34,0,1.5726e-34,0,4.6675e-34,0,0,0,1.0811e-34,3.0013e-34,1.327e-34,0,0,0,1.4242e-34,2.3355e-34,1.8902e-36,0,3.5259e-36,0,0,0,2.0986e-34,0,0,6.5613e-35,0,0,0,0,0,0,0,6.1288e-36,0,5.7414e-35,0,0,1.545e-36,0,3.4233e-35,4.0529e-35,1.9812e-34,0,0,0,0,0,0,0,0,0,0,0,0,0,0,0,0,0,0,0,0,0,0,0,0,0,0
0,0,0,0,0,0,0,0,0,0,0,0,0,0,0,0,0,0,0,0,0,0,0,0,0,0,0,0,1.2317e-37,5.3204e-36,0,3.6592e-36,2.3531e-36,0,1.61e-37,2.7255e-38,7.2232e-37,0,0,2.8282e-36,0,2.2069e-36,0,0,0,5.7617e-36,0,7.0771e-36,2.1348e-36,1.156e-35,0,7.2806e-36,1.2436e-35,0,0,4.8355e-36,2.0812e-35,1.6918e-35,1.6583e-35,1.8975e-35,0,0,0,1.6621e-35,0,0,0,1.6215e-35,1.256e-35,4.379e-36,0,0,0,4.0361e-36,1.4695e-35,1.7894e-36,0,0,0,0,0,1.4252e-35,0,0,0,4.261e-37,3.8386e-37,0,0,0,0,0,2.6904e-37,0,1.4367e-36,0,0,5.1777e-38,0,1.5916e-36,1.0154e-36,1.4218e-35,0,0,0,0,0,0,0,0,0,0,0,0,0,0,0,0,0,0,0,0,0,0,0,0,0,0
0,0,0,0,0,0,0,0,0,0,0,0,0,0,0,0,0,0,0,0,0,0,0,0,0,0,0,0,1.2902e-39,3.8159e-37,0,1.1908e-37,7.7571e-38,0,1.9821e-38,0,5.3133e-38,7.8162e-39,0,1.3264e-37,0,5.3651e-37,0,0,0,3.2072e-37,0,0,3.3816e-37,1.1447e-37,4.6888e-37,2.8918e-37,3.4245e-38,3.2434e-37,0,2.2329e-37,6.4734e-37,4.7417e-37,3.6007e-37,3.8539e-37,0,0,0,2.0148e-38,4.0358e-38,0,0,1.5777e-36,2.2049e-37,0,0,0,0,0,8.3702e-37,2.3375e-37,0,0,0,0,0,7.3932e-37,0,0,0,6.513e-38,1.4475e-37,0,0,0,1.1923e-37,0,0,0,0,0,0,8.0296e-39,0,4.2239e-38,6.997e-39,9.6177e-37,0,0,0,0,0,0,0,0,0,0,0,0,0,0,0,0,0,0,0,0,0,0,0,0,0,0
0,0,0,0,0,0,0,0,0,0,0,0,0,0,0,0,0,0,0,0,0,0,0,0,0,0,0,0,0,2.0475e-38,0,5.7363e-39,0,0,1.5029e-39,0,5.5687e-39,1.0202e-38,0,6.0061e-39,0,5.5814e-38,4.5346e-40,0,0,8.8226e-39,1.7798e-39,0,3.6471e-38,0,7.4635e-38,3.6134e-39,0,5.9445e-38,0,1.8679e-38,3.4896e-39,2.7487e-39,0,0,0,0,0,0,8.1662e-39,0,0,1.1263e-37,0,0,0,0,0,0,4.0408e-38,1.9164e-38,1.8737e-39,0,0,1.1924e-38,3.7874e-39,2.7573e-38,0,0,0,5.2196e-39,1.8012e-38,0,0,0,1.6522e-38,0,0,0,0,0,0,7.6713e-39,0,0,0,5.8367e-38,0,0,0,0,0,0,0,0,0,0,0,0,0,0,0,0,0,0,0,0,0,0,0,0,0,0
0,0,0,0,0,0,0,0,0,0,0,0,0,0,0,0,0,0,0,0,0,0,0,0,0,0,0,0,0,7.73e-40,5.2239e-42,3.5672e-40,0,0,8.9186e-41,0,6.5582e-40,9.4777e-40,3.429e-41,2.7109e-40,0,4.089e-39,5.3156e-40,0,0,3.313e-40,1.1252e-39,0,2.5915e-39,0,5.3077e-39,0,0,5.0112e-39,0,2.01e-39,3.3501e-41,0,0,0,0,0,0,0,1.656e-39,0,0,5.8908e-39,0,0,0,0,0,0,1.3384e-39,1.1419e-39,2.6061e-39,8.9364e-41,0,2.1835e-39,1.4626e-39,7.0735e-40,0,0,0,4.2251e-40,1.8214e-39,5.6692e-42,0,1.4422e-40,1.2641e-39,0,0,2.4189e-40,0,0,0,1.1714e-39,0,0,0,2.9931e-39,0,0,0,0,0,0,0,0,0,0,0,0,0,0,0,0,0,0,0,0,0,0,0,0,0,0
0,0,0,0,0,0,0,0,0,0,0,0,0,0,0,0,0,0,0,0,0,0,0,0,0,0,0,0,3.6572e-42,1.376e-41,8.2089e-42,2.5838e-41,0,0,4.5457e-42,0,5.5733e-41,5.4555e-41,6.2595e-41,6.0318e-42,0,2.3289e-40,3.9894e-41,4.1791e-42,0,2.37e-41,9.5617e-41,0,1.2737e-40,0,2.2832e-40,0,0,2.9889e-40,0,1.6918e-40,1.4465e-42,0,0,0,1.5089e-42,0,0,0,1.561e-40,0,0,2.0307e-40,0,0,0,2.3688e-41,5.7362e-42,0,2.8482e-41,4.6361e-41,2.6586e-40,5.1374e-41,0,1.7833e-40,1.5188e-40,3.1071e-43,0,0,0,1.9373e-41,1.3758e-40,7.5451e-42,0,4.2196e-41,7.2645e-41,0,0,6.0812e-41,0,8.568e-42,0,1.0371e-40,0,0,0,1.1784e-40,0,0,0,0,0,0,0,0,0,0,0,0,0,0,0,0,0,0,0,0,0,0,0,0,0,0
0,0,0,0,0,0,0,0,0,0,0,0,0,0,0,0,0,0,0,0,0,0,0,0,0,0,0,0,2.9806e-44,0,7.4362e-43,1.7091e-42,0,0,2.1347e-43,1.0877e-42,3.6608e-42,2.1568e-42,7.0154e-42,0,0,1.0615e-41,1.5816e-42,4.0307e-43,5.7105e-43,1.9107e-42,6.2594e-42,0,3.355e-42,8.6202e-43,3.5121e-42,0,0,1.3911e-41,0,9.5391e-42,0,0,0,0,6.4724e-43,0,0,0,1.0326e-41,0,2.8456e-43,2.3467e-42,0,2.355e-43,0,7.1204e-42,8.9913e-43,0,0,5.8234e-43,1.7107e-41,6.422e-42,0,1.084e-41,1.0912e-41,0,0,1.3539e-42,0,1.0091e-43,8.6025e-42,1.0404e-42,5.3738e-43,4.1282e-42,3.5059e-42,0,0,5.9759e-42,0,2.0347e-42,0,6.7703e-42,0,0,0,2.5847e-42,0,0,0,0,0,0,0,0,0,0,0,0,0,0,0,0,0,0,0,0,0,0,0,0,0,0
0,0,0,0,0,0,0,0,0,0,0,0,0,0,0,0,0,0,0,0,0,0,0,0,0,0,0,0,4.9247e-45,0,7.1638e-44,8.9796e-44,0,0,9.8345e-45,1.3367e-43,1.8884e-43,5.5649e-44,5.0358e-43,0,1.9416e-45,3.8314e-43,2.3225e-44,1.6177e-43,8.7214e-44,1.4272e-43,4.1963e-43,0,0,4.073e-43,2.7164e-45,0,0,5.3342e-43,4.5897e-44,2.5189e-43,0,0,0,0,5.8361e-44,0,1.2306e-43,0,4.7626e-43,0,4.6568e-44,0,0,9.8842e-44,6.3022e-44,6.941e-43,2.1339e-43,0,0,0,7.8384e-43,4.7395e-43,0,6.1846e-43,6.2782e-43,0,3.4194e-44,3.6215e-43,3.807e-44,0,4.6806e-43,1.5096e-43,1.6793e-43,2.685e-43,1.8475e-43,2.1874e-44,0,4.1369e-43,1.5175e-44,1.9917e-43,1.7626e-44,3.3397e-43,2.0659e-44,0,6.5126e-45,0,0,0,0,0,0,0,0,0,0,0,0,0,0,0,0,0,0,0,0,0,0,0,0,0,0,0
