0,0,0,0,0,0,0,0,0,0,0,0,0,0,0,0,0,0,0,0,0,0,0,0,0,0,0,0,3.5916e-26,1.3922e-25,3.2254e-24,1.5797e-23,4.1516e-22,1.964e-21,1.8058e-21,1.2784e-20,4.3688e-20,1.7155e-19,1.8535e-19,7.8555e-19,0,0,0,5.3457e-18,3.0009e-17,3.3616e-19,3.7924e-17,1.6138e-17,3.0724e-17,1.3281e-16,9.3713e-17,2.4715e-17,0,1.34e-17,1.6341e-16,8.8234e-17,1.6227e-16,1.78e-16,2.3438e-16,2.2046e-16,2.0121e-16,9.0033e-17,2.8516e-16,4.3352e-16,1.4967e-17,3.939e-16,1.1805e-16,0,3.3169e-16,1.5008e-16,6.545e-17,9.0799e-17,0,7.7043e-17,9.9066e-17,0,6.4361e-17,1.0518e-16,8.9247e-17,6.5773e-17,7.8764e-19,5.7382e-17,6.0132e-17,4.1655e-17,2.6896e-17,1.6395e-17,7.6614e-18,0,2.0331e-18,7.1465e-18,3.661e-18,5.3894e-20,1.7124e-18,7.705e-19,7.5144e-19,0,3.1736e-19,6.8223e-20,0,8.4833e-21,4.5374e-21,0,0,0,0,0,0,0,0,0,0,0,0,0,0,0,0,0,0,0,0,0,0,0,0,0,0,0
0,0,0,0,0,0,0,0,0,0,0,0,0,0,0,0,0,0,0,0,0,0,0,0,0,0,0,0,1.0459e-25,6.9193e-25,1.2831e-23,6.3204e-23,8.5277e-22,5.1892e-21,6.7725e-21,5.6107e-20,7.8046e-20,1.9853e-19,5.8959e-19,1.1493e-18,0,0,0,7.8762e-18,8.6249e-17,3.1512e-18,1.25e-16,8.8172e-17,9.7358e-17,3.5933e-16,2.6961e-16,6.3275e-17,3.6633e-17,6.837e-17,5.2638e-16,2.5223e-16,4.8076e-16,4.8639e-16,7.3774e-16,5.4711e-16,5.4803e-16,2.0931e-16,6.2626e-16,1.2151e-15,2.0744e-16,9.9928e-16,4.2474e-16,0,8.8808e-16,4.3811e-16,1.779e-16,2.9181e-16,2.1316e-17,2.4005e-16,2.9731e-16,5.9551e-17,2.1723e-16,3.1937e-16,2.9641e-16,2.1774e-16,6.1606e-17,1.5631e-16,1.926e-16,1.3992e-16,7.7744e-17,4.6367e-17,3.1688e-17,7.8021e-20,7.6949e-18,2.268e-17,1.1456e-17,2.0704e-19,3.0465e-18,2.4207e-18,2.4521e-18,0,8.3689e-19,1.4744e-19,0,2.1814e-20,1.937e-20,0,0,0,0,0,0,0,0,0,0,0,0,0,0,0,0,0,0,0,0,0,0,0,0,0,0,0
0,0,0,0,0,0,0,0,0,0,0,0,0,0,0,0,0,0,0,0,0,0,0,0,0,0,0,0,2.5858e-25,2.6877e-24,3.5962e-23,1.7787e-22,2.1126e-21,1.2549e-20,1.168e-20,1.6147e-19,2.0515e-19,2.0854e-19,1.8422e-18,2.3463e-18,0,0,0,1.7858e-17,1.9834e-16,3.0337e-17,3.2972e-16,2.9686e-16,2.6091e-16,8.7944e-16,6.7298e-16,6.0083e-17,1.0831e-16,2.3544e-16,1.451e-15,5.2644e-16,1.2332e-15,1.1924e-15,1.9887e-15,1.1354e-15,1.4062e-15,2.9302e-16,1.3502e-15,3.1141e-15,8.3716e-16,2.1804e-15,1.2133e-15,0,2.3123e-15,1.1362e-15,3.8729e-16,7.7891e-16,8.4599e-17,6.7296e-16,7.334e-16,2.6542e-16,5.1915e-16,8.3972e-16,8.3504e-16,5.8013e-16,2.5492e-16,3.0201e-16,5.239e-16,3.8703e-16,1.851e-16,1.0567e-16,1.0739e-16,1.1186e-17,2.0686e-17,6.5852e-17,2.8318e-17,4.3255e-19,7.7992e-18,5.8905e-18,6.7421e-18,0,1.939e-18,2.0414e-19,0,5.9486e-20,6.1528e-20,0,0,0,0,0,0,0,0,0,0,0,0,0,0,0,0,0,0,0,0,0,0,0,0,0,0,0
0,0,0,0,0,0,0,0,0,0,0,0,0,0,0,0,0,0,0,0,0,0,0,0,0,0,0,0,5.5627e-25,7.449e-24,6.8469e-23,3.7325e-22,6.1604e-21,2.6628e-20,1.3445e-21,3.3448e-19,6.8409e-19,9.2607e-19,4.7791e-18,8.4374e-18,0,0,0,6.8883e-17,3.3933e-16,1.1703e-16,6.9508e-16,7.6025e-16,5.7358e-16,1.9026e-15,1.4729e-15,1.0582e-16,5.2763e-17,4.0777e-16,3.3989e-15,6.5368e-16,2.7149e-15,2.6019e-15,4.6183e-15,1.81e-15,3.4092e-15,0,2.9291e-15,7.3609e-15,2.4012e-15,3.8125e-15,2.7988e-15,0,5.6868e-15,2.6115e-15,6.0521e-16,1.7594e-15,1.0178e-16,1.6373e-15,1.5071e-15,7.304e-16,9.0593e-16,1.8713e-15,2.0117e-15,1.2848e-15,7.2642e-16,4.5007e-16,1.2398e-15,8.9375e-16,3.6928e-16,1.8192e-16,2.9196e-16,2.4401e-17,3.9213e-17,1.6806e-16,5.4197e-17,3.101e-19,2.7456e-17,1.0997e-17,1.5732e-17,0,3.9725e-18,8.0382e-21,0,2.0442e-19,1.5671e-19,0,0,0,0,0,0,0,0,0,0,0,0,0,0,0,0,0,0,0,0,0,0,0,0,0,0,0
0,0,0,0,0,0,0,0,0,0,0,0,0,0,0,0,0,0,0,0,0,0,0,0,0,0,0,0,1.0326e-24,1.561e-23,4.9032e-23,5.2899e-22,1.8145e-20,4.7535e-20,2.1686e-21,4.226e-19,2.1302e-18,5.9773e-18,1.0524e-17,4.1815e-17,0,1.8537e-17,0,2.6661e-16,3.0444e-16,3.1204e-16,1.1084e-15,1.587e-15,9.5598e-16,3.5271e-15,2.8474e-15,1.2286e-16,0,0,6.6792e-15,0,4.9622e-15,4.979e-15,9.0941e-15,1.5746e-15,7.5828e-15,0,6.4306e-15,1.6162e-14,5.2331e-15,4.0808e-15,4.8963e-15,0,1.2914e-14,5.2839e-15,2.154e-16,3.3969e-15,0,3.2973e-15,2.5459e-15,1.3366e-15,1.1322e-15,3.4581e-15,4.0637e-15,2.3553e-15,1.671e-15,4.4013e-16,2.5627e-15,1.7131e-15,6.0927e-16,1.7516e-16,6.2409e-16,1.3411e-17,3.8288e-17,3.6256e-16,6.869e-17,2.7106e-17,9.4942e-17,1.3855e-17,3.056e-17,0,7.289e-18,2.7136e-22,0,6.7978e-19,3.2345e-19,0,0,0,0,0,0,0,0,0,0,0,0,0,0,0,0,0,0,0,0,0,0,0,0,0,0,0
0,0,0,0,0,0,0,0,0,0,0,0,0,0,0,0,0,0,0,0,0,0,0,0,0,0,0,0,1.5129e-24,2.1742e-23,0,1.6988e-22,4.9261e-20,6.8701e-20,1.8402e-21,1.491e-19,5.6918e-18,2.7717e-17,2.0372e-17,1.5932e-16,4.1142e-18,2.9154e-16,7.3893e-17,8.6649e-16,4.5975e-19,5.8954e-16,1.0413e-15,2.8126e-15,1.2776e-15,5.2957e-15,4.8527e-15,1.2895e-17,0,0,1.0743e-14,0,6.8538e-15,8.0371e-15,1.4497e-14,6.6076e-17,1.4545e-14,0,1.4022e-14,3.3163e-14,8.2353e-15,0,4.5294e-15,0,2.6551e-14,9.1285e-15,1.3511e-16,5.6875e-15,0,4.8797e-15,3.1468e-15,9.2513e-16,6.6189e-16,5.0823e-15,6.3743e-15,3.2961e-15,3.1211e-15,3.1519e-19,4.4898e-15,2.6381e-15,7.4135e-16,0,9.6321e-16,0,1.0099e-16,6.1689e-16,3.7394e-18,1.7209e-16,2.8193e-16,2.2534e-18,4.5481e-17,0,1.2131e-17,6.1292e-19,0,2.0513e-18,5.1367e-19,0,0,0,0,0,0,0,0,0,0,0,0,0,0,0,0,0,0,0,0,0,0,0,0,0,0,0
0,0,0,0,0,0,0,0,0,0,0,0,0,0,0,0,0,0,0,0,0,0,0,0,0,0,0,0,1.0723e-24,5.5581e-24,0,0,1.2185e-19,8.1156e-20,5.14e-19,0,1.347e-17,9.9689e-17,3.8642e-17,4.8112e-16,2.1948e-16,1.1873e-15,5.0426e-16,2.3839e-15,2.0799e-17,1.1678e-15,7.4702e-17,4.4762e-15,3.5686e-15,5.6984e-15,7.2573e-15,0,0,0,1.3744e-14,0,4.913e-15,9.6662e-15,1.6528e-14,6.8565e-17,2.1188e-14,1.0524e-16,2.9659e-14,6.4358e-14,6.6012e-15,0,3.6363e-15,0,4.8655e-14,1.2823e-14,1.237e-16,8.7173e-15,0,2.5907e-15,7.8243e-16,0,0,5.4788e-15,5.6295e-15,2.0105e-15,4.262e-15,0,5.9592e-15,3.2826e-15,3.5863e-16,0,6.5429e-16,1.8586e-16,7.3768e-16,6.7235e-16,0,5.8945e-16,7.0978e-16,0,3.3657e-17,3.1019e-17,1.8534e-17,1.7016e-18,1.1192e-18,5.5222e-18,4.8362e-19,0,0,0,0,0,0,0,0,0,0,0,0,0,0,0,0,0,0,0,0,0,0,0,0,0,0,0
0,0,0,0,0,0,0,0,0,0,0,0,0,0,0,0,0,0,0,0,0,0,0,0,0,0,0,0,0,0,6.3998e-22,0,2.8399e-19,1.1354e-19,2.3602e-18,0,3.0612e-17,2.979e-16,1.1125e-16,1.2774e-15,1.1644e-15,3.3924e-15,1.5148e-15,5.7661e-15,6.7909e-17,1.8551e-15,0,7.3272e-15,1.3093e-14,4.2251e-15,1.0181e-14,0,0,0,1.5457e-14,0,8.8376e-15,5.8163e-15,1.3247e-14,1.5608e-16,1.458e-14,3.498e-15,6.0904e-14,1.2245e-13,0,0,4.3034e-15,0,7.989e-14,1.2066e-14,0,1.4253e-14,0,0,7.7705e-16,0,0,5.9975e-15,1.9519e-15,0,8.2695e-16,0,3.85e-15,4.0178e-15,3.9744e-16,0,0,3.0017e-15,2.2183e-15,1.6997e-16,0,1.5306e-15,1.5431e-15,0,0,1.3261e-16,2.762e-17,1.8834e-18,1.2847e-17,1.3232e-17,2.7827e-19,0,0,0,0,0,0,0,0,0,0,0,0,0,0,0,0,0,0,0,0,0,0,0,0,0,0,0
0,0,0,0,0,0,0,0,0,0,0,0,0,0,0,0,0,0,0,0,0,0,0,0,0,0,0,0,0,0,1.4062e-21,6.8814e-22,6.5821e-19,3.9231e-19,6.6955e-18,0,7.2725e-17,7.6666e-16,2.8537e-16,3.2149e-15,3.5678e-15,7.5638e-15,4.3422e-15,1.278e-14,1.4567e-16,2.0832e-15,0,1.5572e-14,3.6369e-14,8.2862e-15,1.917e-14,0,0,0,3.096e-14,0,2.3948e-14,0,1.5216e-14,4.1676e-15,0,1.4201e-14,1.2675e-13,2.4668e-13,0,0,2.06e-15,0,1.2871e-13,0,0,2.9219e-14,0,0,4.3215e-18,0,0,1.6184e-14,0,0,0,1.1493e-14,2.9788e-15,1.1344e-14,5.2356e-16,2.766e-15,0,8.2157e-15,4.5364e-15,0,0,3.2453e-15,3.006e-15,0,0,3.3675e-16,5.2698e-17,0,4.0476e-17,2.8255e-17,9.184e-19,0,0,0,0,0,0,0,0,0,0,0,0,0,0,0,0,0,0,0,0,0,0,0,0,0,0,0
0,0,0,0,0,0,0,0,0,0,0,0,0,0,0,0,0,0,0,0,0,0,0,0,0,0,0,0,0,0,0,5.0917e-20,1.5842e-18,1.7149e-18,1.4396e-17,0,1.85e-16,1.7444e-15,6.9264e-16,8.0815e-15,8.1076e-15,1.3283e-14,1.359e-14,2.7062e-14,2.2945e-16,3.2954e-15,0,4.5605e-14,8.4141e-14,6.4424e-14,6.4164e-14,4.0116e-15,0,0,1.2644e-13,0,7.773e-14,0,5.4339e-14,2.1587e-13,0,4.0484e-14,2.8594e-13,5.7079e-13,0,0,0,0,2.6116e-13,0,0,6.6848e-14,0,0,0,1.6663e-14,0,7.6553e-14,0,0,0,7.4691e-14,3.8156e-15,5.3994e-14,1.6744e-15,3.105e-14,0,1.1739e-14,6.2721e-15,0,7.8761e-16,5.5762e-15,5.6587e-15,0,0,6.1057e-16,1.6778e-16,0,7.8691e-17,5.4321e-17,1.7145e-18,0,0,0,0,0,0,0,0,0,0,0,0,0,0,0,0,0,0,0,0,0,0,0,0,0,0,0
0,0,0,0,0,0,0,0,0,0,0,0,0,0,0,0,0,0,0,0,0,0,0,0,0,0,0,0,1.7847e-23,0,0,2.569e-19,3.9487e-18,6.1413e-18,2.3042e-17,0,4.8205e-16,3.6143e-15,1.6677e-15,2.0519e-14,1.4347e-14,1.7976e-14,4.1507e-14,5.6221e-14,3.1399e-15,1.6662e-14,6.0704e-14,1.5006e-13,1.6868e-13,3.2936e-13,2.4783e-13,2.119e-14,0,0,4.8651e-13,0,4.4512e-13,0,3.4248e-13,9.6975e-13,0,9.6078e-14,7.0793e-13,1.497e-12,0,0,0,0,7.4908e-13,0,0,1.3043e-13,0,0,1.3208e-15,1.4877e-13,0,3.4115e-13,3.4643e-14,0,0,2.6282e-13,2.5654e-14,2.1513e-13,6.9765e-15,1.2096e-13,0,6.4619e-16,9.3096e-15,2.0113e-15,1.141e-14,6.8543e-15,1.151e-14,0,2.9319e-16,7.1922e-16,6.4688e-16,1.9098e-17,7.7677e-17,9.6557e-17,1.2577e-18,0,0,0,0,0,0,0,0,0,0,0,0,0,0,0,0,0,0,0,0,0,0,0,0,0,0,0
0,0,0,0,0,0,0,0,0,0,0,0,0,0,0,0,0,0,0,0,0,0,0,0,0,0,0,0,2.4329e-22,6.581e-22,0,8.4283e-19,9.7831e-18,1.81e-17,2.0176e-17,0,1.2267e-15,7.1495e-15,4.062e-15,5.1328e-14,1.9975e-14,1.9731e-14,1.0987e-13,1.1429e-13,1.0692e-13,7.6789e-14,3.1145e-13,4.7355e-13,4.3672e-13,1.1599e-12,8.3381e-13,7.0591e-14,7.3848e-15,0,1.5049e-12,1.9115e-13,1.751e-12,0,1.52e-12,2.966e-12,0,3.6741e-13,1.7885e-12,4.037e-12,0,8.9967e-13,0,0,2.3752e-12,0,0,1.6679e-13,0,0,2.2233e-13,6.538e-13,2.4362e-14,1.1468e-12,6.0506e-13,2.7669e-14,0,7.1739e-13,1.2464e-13,6.8111e-13,2.8519e-14,3.3104e-13,2.1622e-14,0,2.3969e-14,3.7151e-14,4.697e-14,1.8678e-15,2.6783e-14,2.7197e-15,1.8089e-15,4.5896e-17,2.2322e-15,1.1334e-16,0,1.6726e-16,0,0,0,0,0,0,0,0,0,0,0,0,0,0,0,0,0,0,0,0,0,0,0,0,0,0,0,0
0,0,0,0,0,0,0,0,0,0,0,0,0,0,0,0,0,0,0,0,0,0,0,0,0,0,0,0,9.0259e-22,4.1234e-21,1.3548e-20,2.1414e-18,2.3117e-17,4.6105e-17,1.4451e-18,0,2.996e-15,1.4433e-14,9.9066e-15,1.2226e-13,3.4406e-14,3.1559e-14,2.3566e-13,2.2226e-13,3.9369e-13,2.4757e-13,1.0312e-12,1.3551e-12,1.0116e-12,3.2089e-12,2.3536e-12,1.9213e-13,7.7444e-13,0,3.8556e-12,1.4854e-12,5.0206e-12,0,4.6288e-12,7.293e-12,7.0798e-13,1.1284e-12,4.2244e-12,1.0316e-11,0,4.1973e-12,0,0,6.8688e-12,1.7423e-13,0,0,0,2.9187e-13,1.0099e-12,1.4638e-12,6.724e-13,3.1556e-12,2.461e-12,2.14e-13,0,1.6058e-12,4.1543e-13,1.7443e-12,2.8978e-13,7.2441e-13,1.6891e-13,0,6.2294e-14,1.3534e-13,1.2663e-13,0,6.6444e-14,1.3552e-14,1.2139e-14,0,6.4227e-15,1.8201e-16,0,3.0146e-16,2.9928e-17,0,0,0,0,0,0,0,0,0,0,0,0,0,0,0,0,0,0,0,0,0,0,0,0,0,0,0
0,0,0,0,0,0,0,0,0,0,0,0,0,0,0,0,0,0,0,0,0,0,0,0,0,0,0,0,2.2088e-21,1.2157e-20,4.8291e-20,4.4494e-18,5.1083e-17,1.0507e-16,4.4573e-18,9.5041e-18,7.0369e-15,3.1212e-14,2.3578e-14,2.7062e-13,6.5516e-14,1.1118e-13,3.7823e-13,4.088e-13,1.0229e-12,5.808e-13,2.7514e-12,3.449e-12,1.9764e-12,7.4647e-12,5.6427e-12,4.5969e-13,2.7694e-12,2.0666e-13,8.4645e-12,6.2058e-12,1.1547e-11,0,1.1062e-11,1.513e-11,5.6111e-12,2.1699e-12,8.8411e-12,2.4065e-11,0,1.0643e-11,6.4939e-13,0,1.7225e-11,1.316e-12,0,0,0,1.4855e-12,2.0517e-12,1.7879e-12,2.4782e-12,7.4694e-12,6.721e-12,6.7932e-13,0,2.8734e-12,1.5061e-12,3.6555e-12,9.4709e-13,1.3627e-12,6.6988e-13,0,1.2981e-13,3.1647e-13,2.7169e-13,0,1.5769e-13,4.3275e-14,4.2312e-14,0,1.5345e-14,9.9678e-19,0,5.7732e-16,8.5358e-17,0,0,0,0,0,0,0,0,0,0,0,0,0,0,0,0,0,0,0,0,0,0,0,0,0,0,0
0,0,0,0,0,0,0,0,0,0,0,0,0,0,0,0,0,0,0,0,0,0,0,0,0,0,0,0,3.9278e-21,2.2144e-20,4.2977e-21,7.7821e-18,1.064e-16,2.1758e-16,1.1124e-17,0,1.6009e-14,7.1e-14,5.3388e-14,5.5325e-13,1.2953e-13,3.9163e-13,3.495e-13,7.4191e-13,2.1566e-12,9.8238e-13,6.2733e-12,7.7064e-12,3.2291e-12,1.5432e-11,1.1679e-11,1.0021e-12,7.1276e-12,9.7189e-13,1.639e-11,1.701e-11,2.1918e-11,0,2.1679e-11,2.6583e-11,1.8214e-11,2.3466e-12,1.6181e-11,5.0792e-11,0,1.9105e-11,2.8045e-12,0,3.7487e-11,4.2194e-12,0,0,0,3.6598e-12,1.7419e-12,8.2915e-13,6.0122e-12,1.5814e-11,1.4385e-11,2.0843e-12,0,3.8814e-12,3.8259e-12,6.3323e-12,2.112e-12,2.3948e-12,1.9354e-12,0,2.3088e-13,5.386e-13,5.1473e-13,1.2648e-15,3.3674e-13,9.7162e-14,1.0911e-13,2.4212e-17,3.0644e-14,0,0,1.1148e-15,1.2313e-16,0,0,0,0,0,0,0,0,0,0,0,0,0,0,0,0,0,0,0,0,0,0,0,0,0,0,0
0,0,0,0,0,0,0,0,0,0,0,0,0,0,0,0,0,0,0,0,0,0,0,0,0,0,0,0,4.9679e-21,2.5518e-20,0,1.1892e-17,2.1664e-16,4.0912e-16,2.5017e-17,0,3.5636e-14,1.5944e-13,1.129e-13,1.0655e-12,2.3119e-13,1.0841e-12,0,1.4872e-12,3.7318e-12,1.0181e-12,1.2473e-11,1.4856e-11,4.4242e-12,3.0214e-11,2.1302e-11,2.0528e-12,1.5831e-11,2.2491e-12,2.9077e-11,3.7204e-11,3.4243e-11,0,3.5328e-11,3.7964e-11,4.1506e-11,2.7648e-12,2.7076e-11,9.7754e-11,6.5008e-13,2.2684e-11,5.0572e-12,0,7.1962e-11,8.47e-12,0,0,0,6.3444e-12,0,9.7889e-14,1.0728e-11,3.12e-11,2.5462e-11,6.4905e-12,0,3.9454e-12,8.0889e-12,9.2138e-12,3.6417e-12,4.2923e-12,4.7513e-12,0,3.4312e-13,6.5307e-13,9.5084e-13,6.4006e-15,6.4263e-13,1.7771e-13,2.3576e-13,6.5764e-16,5.1858e-14,0,0,2.0295e-15,5.5647e-17,0,0,0,0,0,0,0,0,0,0,0,0,0,0,0,0,0,0,0,0,0,0,0,0,0,0,0
0,0,0,0,0,0,0,0,0,0,0,0,0,0,0,0,0,0,0,0,0,0,0,0,0,0,0,0,4.0144e-21,1.046e-20,0,1.7189e-17,4.5287e-16,6.9183e-16,5.3479e-17,0,7.8827e-14,3.3478e-13,2.2005e-13,2.0315e-12,3.2028e-13,2.4639e-12,0,3.5521e-12,5.0541e-12,9.8137e-13,2.1712e-11,2.3864e-11,5.6048e-12,5.9614e-11,3.5602e-11,4.0778e-12,3.0544e-11,3.7239e-12,5.0487e-11,6.8599e-11,4.2627e-11,2.9556e-12,4.7904e-11,3.7744e-11,6.8876e-11,5.4139e-12,4.7559e-11,1.7526e-10,1.2944e-11,6.0595e-12,5.4335e-12,0,1.2509e-10,1.0138e-11,2.3316e-12,0,0,7.5363e-12,0,0,1.2331e-11,5.9716e-11,3.876e-11,1.5602e-11,1.9495e-13,4.6347e-13,1.5828e-11,1.2824e-11,5.4153e-12,7.9167e-12,1.0332e-11,0,3.5342e-13,5.5507e-13,1.7898e-12,1.5446e-14,1.1534e-12,2.9211e-13,4.4902e-13,2.4338e-15,7.753e-14,0,6.8574e-15,3.4569e-15,0,0,0,0,0,0,0,0,0,0,0,0,0,0,0,0,0,0,0,0,0,0,0,0,0,0,0,0
0,0,0,0,0,0,0,0,0,0,0,0,0,0,0,0,0,0,0,0,0,0,0,0,0,0,0,0,3.5275e-21,0,0,2.6808e-17,9.9582e-16,1.055e-15,1.1027e-16,0,1.7629e-13,6.4184e-13,3.9363e-13,4.0771e-12,2.5421e-13,4.9657e-12,0,9.3338e-12,4.8284e-12,6.0459e-12,3.2769e-11,2.9426e-11,9.3951e-12,1.2152e-10,5.938e-11,9.7917e-12,4.6507e-11,4.5344e-12,9.4342e-11,1.0959e-10,5.1396e-11,1.3234e-11,5.4509e-11,6.3971e-12,6.7877e-11,1.0621e-11,1.0161e-10,3.0478e-10,3.8801e-11,0,7.7052e-15,0,2.0573e-10,2.2273e-12,2.1367e-11,0,0,2.2427e-12,0,2.0279e-12,1.0502e-13,1.1378e-10,5.4702e-11,3.1943e-11,1.4388e-14,0,3.1173e-11,2.1592e-11,8.9369e-12,1.3365e-11,2.0057e-11,0,4.3782e-13,3.4005e-13,3.1658e-12,2.61e-13,2.2007e-12,4.8788e-13,7.7016e-13,6.8669e-15,1.1581e-13,0,2.7325e-14,6.2361e-15,0,0,0,0,0,0,0,0,0,0,0,0,0,0,0,0,0,0,0,0,0,0,0,0,0,0,0,0
0,0,0,0,0,0,0,0,0,0,0,0,0,0,0,0,0,0,0,0,0,0,0,0,0,0,0,0,1.1516e-20,0,0,4.8488e-17,2.2493e-15,1.5428e-15,2.1549e-16,0,4.0095e-13,1.1311e-12,6.612e-13,8.7769e-12,4.1971e-14,9.5649e-12,3.6646e-12,2.3906e-11,3.5785e-12,1.6029e-11,4.1343e-11,2.1093e-11,2.5162e-11,2.4934e-10,1.1166e-10,3.0489e-11,3.9095e-11,3.862e-12,2.0183e-10,1.5828e-10,8.5531e-11,1.8794e-11,5.7383e-11,8.1683e-16,2.0104e-11,2.0526e-11,2.4617e-10,5.4686e-10,6.0949e-11,0,0,0,3.4306e-10,0,4.0953e-11,0,0,0,0,9.6707e-12,0,2.1615e-10,8.4308e-11,5.6416e-11,0,0,6.4732e-11,5.0405e-11,2.0584e-11,1.6162e-11,3.4544e-11,0,4.1792e-12,0,4.2628e-12,1.9286e-12,5.011e-12,9.4756e-13,1.1938e-12,1.7704e-14,2.1037e-13,0,6.8568e-14,1.4811e-14,0,0,0,0,0,0,0,0,0,0,0,0,0,0,0,0,0,0,0,0,0,0,0,0,0,0,0,0
0,0,0,0,0,0,0,0,0,0,0,0,0,0,0,0,0,0,0,0,0,0,0,0,0,0,0,0,5.3052e-20,0,0,9.2744e-17,4.9691e-15,2.5561e-15,3.8459e-16,0,9.0948e-13,1.9035e-12,1.1375e-12,1.9306e-11,0,1.84e-11,2.8764e-11,5.6345e-11,1.1261e-11,3.1266e-11,3.8288e-11,3.059e-11,7.3757e-11,4.9363e-10,2.4481e-10,3.1277e-11,0,3.3284e-12,4.7605e-10,2.3139e-10,1.5412e-10,0,7.9885e-11,0,0,3.8175e-11,5.5768e-10,1.0701e-09,6.8819e-11,0,0,0,6.2466e-10,0,1.66e-11,0,0,0,0,2.0055e-11,0,4.046e-10,1.6707e-10,8.4602e-11,0,7.4219e-12,1.3998e-10,1.3122e-10,5.404e-11,2.6713e-12,5.2122e-11,1.2801e-11,1.5228e-11,0,2.7089e-12,5.2544e-12,1.3026e-11,2.1686e-12,1.6775e-12,4.3651e-14,4.7362e-13,4.9455e-15,1.3537e-13,4.4993e-14,6.3074e-16,0,0,0,0,0,0,0,0,0,0,0,0,0,0,0,0,0,0,0,0,0,0,0,0,0,0,0
0,0,0,0,0,0,0,0,0,0,0,0,0,0,0,0,0,0,0,0,0,0,0,0,0,0,0,0,1.532e-19,0,2.5416e-19,1.6367e-16,1.0346e-14,5.4108e-15,6.003e-16,0,1.9858e-12,3.271e-12,2.3057e-12,4.0635e-11,0,3.5506e-11,9.4942e-11,1.2187e-10,5.9486e-11,6.1309e-11,9.0439e-12,7.3632e-11,1.9025e-10,9.2378e-10,5.6203e-10,5.9794e-11,0,1.2206e-11,1.1402e-09,4.0742e-10,3.1183e-10,0,2.027e-10,1.3019e-10,0,6.4905e-11,1.0368e-09,2.2892e-09,2.3641e-11,3.4432e-10,0,0,1.3231e-09,0,4.1049e-11,0,0,0,0,2.3528e-11,0,7.456e-10,4.0032e-10,1.0462e-10,0,9.5503e-11,3.0083e-10,3.1235e-10,1.2539e-10,0,6.7997e-11,5.1598e-11,3.7976e-11,0,1.4432e-12,1.0513e-11,3.3987e-11,5.1258e-12,2.2566e-12,1.0326e-13,1.0923e-12,2.134e-14,2.2793e-13,1.3888e-13,4.1431e-15,0,0,0,0,0,0,0,0,0,0,0,0,0,0,0,0,0,0,0,0,0,0,0,0,0,0,0
0,0,0,0,0,0,0,0,0,0,0,0,0,0,0,0,0,0,0,0,0,0,0,0,0,0,0,0,3.1204e-19,8.4754e-19,2.338e-18,2.4157e-16,1.9994e-14,1.2748e-14,7.7873e-16,0,4.0303e-12,6.0657e-12,6.6704e-12,7.8651e-11,1.8213e-12,6.8748e-11,2.2563e-10,2.4706e-10,2.0798e-10,1.1793e-10,0,1.8479e-10,4.2482e-10,1.6507e-09,1.2057e-09,1.1049e-10,0,5.6508e-11,2.6215e-09,8.7547e-10,9.1996e-10,0,5.2749e-10,1.1498e-09,0,8.8135e-11,1.4047e-09,5.0927e-09,0,1.9673e-09,0,0,2.848e-09,0,9.3137e-11,0,0,0,0,1.3482e-11,0,1.3792e-09,9.8437e-10,1.0037e-10,0,2.9512e-10,6.1487e-10,6.4677e-10,2.3401e-10,0,7.7581e-11,1.2946e-10,7.0192e-11,3.3109e-12,0,1.8899e-11,8.2574e-11,1.1188e-11,4.009e-12,8.9264e-13,2.2514e-12,5.5328e-14,3.6799e-13,3.8434e-13,1.3487e-14,0,0,0,0,0,0,0,0,0,0,0,0,0,0,0,0,0,0,0,0,0,0,0,0,0,0,0
0,0,0,0,0,0,0,0,0,0,0,0,0,0,0,0,0,0,0,0,0,0,0,0,0,0,0,0,5.1204e-19,4.3537e-18,5.4618e-18,2.5915e-16,3.5895e-14,2.7834e-14,7.8877e-16,0,7.4088e-12,1.1977e-11,2.0782e-11,1.3872e-10,1.2407e-11,1.3648e-10,4.2904e-10,4.8046e-10,5.2536e-10,1.9025e-10,4.714e-12,8.7725e-10,8.4839e-10,2.9093e-09,2.2972e-09,1.9865e-10,0,1.9383e-10,5.6334e-09,1.9179e-09,2.6117e-09,0,1.1193e-09,3.5075e-09,0,4.8525e-11,8.7789e-10,1.1155e-08,2.2862e-11,5.9636e-09,0,0,5.8629e-09,2.2377e-10,1.8889e-10,0,0,0,0,5.0014e-12,0,2.6203e-09,2.2808e-09,1.1471e-10,0,5.7714e-10,1.1663e-09,1.1524e-09,3.3291e-10,0,9.0989e-11,2.6489e-10,1.1345e-10,1.1079e-11,0,3.7693e-11,1.8303e-10,2.1229e-11,7.779e-12,5.7389e-12,3.9659e-12,1.0449e-13,6.5071e-13,9.2427e-13,4.3358e-14,0,0,0,0,0,0,0,0,0,0,0,0,0,0,0,0,0,0,0,0,0,0,0,0,0,0,0
0,0,0,0,0,0,0,0,0,0,0,0,0,0,0,0,0,0,0,0,0,0,0,0,0,0,0,0,6.321e-19,1.1347e-17,1.8669e-17,1.0582e-16,6.0605e-14,5.2e-14,6.4738e-16,0,1.2156e-11,2.361e-11,5.3968e-11,2.2703e-10,3.6021e-11,2.8157e-10,6.835e-10,9.0805e-10,1.0366e-09,2.6496e-10,1.2346e-11,2.6883e-09,1.5743e-09,5.2451e-09,3.9012e-09,3.5522e-10,0,5.3524e-10,1.1139e-08,3.7399e-09,6.3083e-09,0,2.1624e-09,7.0746e-09,0,0,4.8186e-13,2.327e-08,9.6683e-10,1.4108e-08,0,0,1.1429e-08,9.9592e-10,3.3623e-10,8.1751e-10,0,0,0,1.9248e-11,0,5.1083e-09,4.8373e-09,9.1149e-11,0,7.1303e-10,2.0529e-09,1.7713e-09,3.1638e-10,0,1.6846e-10,4.9184e-10,1.5632e-10,1.9169e-11,0,8.7985e-11,3.7123e-10,3.2436e-11,1.7758e-11,1.896e-11,5.9893e-12,1.3363e-13,1.232e-12,1.9282e-12,1.3424e-13,0,0,0,0,0,0,0,0,0,0,0,0,0,0,0,0,0,0,0,0,0,0,0,0,0,0,0
0,0,0,0,0,0,0,0,0,0,0,0,0,0,0,0,0,0,0,0,0,0,0,0,0,0,0,0,5.5759e-19,2.2298e-17,3.679e-17,0,9.863e-14,8.1943e-14,1.0397e-15,0,1.7835e-11,4.4186e-11,1.2153e-10,3.6153e-10,7.1316e-11,5.8442e-10,9.6705e-10,1.6852e-09,1.6773e-09,5.7697e-10,2.2649e-11,5.7401e-09,2.8886e-09,9.8447e-09,6.2683e-09,6.5149e-10,9.3043e-10,1.2659e-09,1.9939e-08,6.1937e-09,1.3563e-08,2.9065e-09,3.6211e-09,9.8063e-09,0,0,0,4.554e-08,4.6188e-09,2.9028e-08,0,0,2.1143e-08,2.2456e-09,5.213e-10,2.7137e-09,0,0,0,0,0,9.9479e-09,9.2405e-09,0,0,1.5165e-10,3.4448e-09,2.4525e-09,1.1789e-10,0,4.7658e-10,9.4994e-10,2.0607e-10,1.6603e-11,0,2.1527e-10,6.9679e-10,3.4646e-11,3.9452e-11,4.804e-11,8.2916e-12,5.9571e-14,2.2414e-12,3.5131e-12,3.7234e-13,0,0,0,0,0,0,0,0,0,0,0,0,0,0,0,0,0,0,0,0,0,0,0,0,0,0,0
0,0,0,0,0,0,0,0,0,0,0,0,0,0,0,0,0,0,0,0,0,0,0,0,0,0,0,0,3.9293e-19,3.8107e-17,7.844e-17,0,1.6087e-13,1.1417e-13,4.2152e-15,0,2.4302e-11,7.7674e-11,2.4365e-10,6.0007e-10,1.1789e-10,1.1478e-09,1.3947e-09,3.1393e-09,2.3404e-09,1.5685e-09,6.6939e-11,8.5643e-09,5.0022e-09,1.8956e-08,1.0664e-08,1.2504e-09,6.835e-09,2.8752e-09,3.1611e-08,8.7237e-09,2.6094e-08,1.0156e-08,4.8885e-09,6.9051e-09,2.9082e-10,0,0,8.2793e-08,1.531e-08,5.4538e-08,0,0,3.6396e-08,3.313e-09,7.0816e-10,5.6854e-09,0,0,1.4455e-10,0,3.4483e-11,1.8742e-08,1.556e-08,4.6041e-10,0,0,5.7443e-09,3.457e-09,1.3119e-10,3.4014e-10,1.3171e-09,1.9398e-09,3.5702e-10,2.4734e-10,9.108e-11,4.8981e-10,1.2268e-09,1.1787e-11,7.2023e-11,1.0256e-10,1.2872e-11,0,3.4737e-12,5.661e-12,8.8646e-13,0,0,0,0,0,0,0,0,0,0,0,0,0,0,0,0,0,0,0,0,0,0,0,0,0,0,0
0,0,0,0,0,0,0,0,0,0,0,0,0,0,0,0,0,0,0,0,0,0,0,0,0,0,0,0,8.6392e-19,6.4086e-17,1.3956e-16,0,2.7507e-13,1.9861e-13,1.5168e-14,0,3.3999e-11,1.314e-10,3.9741e-10,1.0857e-09,1.1155e-10,2.0332e-09,2.4688e-09,5.4751e-09,3.0782e-09,3.8313e-09,1.3436e-09,6.7428e-09,8.8195e-09,3.6275e-08,2.0674e-08,2.4994e-09,1.5128e-08,1.2506e-08,4.3417e-08,1.0981e-08,4.3808e-08,1.9118e-08,7.2658e-09,7.2487e-11,3.6769e-09,0,0,1.3865e-07,4.0741e-08,9.5599e-08,0,0,5.9587e-08,2.5196e-09,8.7754e-10,7.8564e-09,0,0,4.7578e-09,0,7.676e-10,3.3701e-08,2.2445e-08,2.0377e-09,1.6955e-09,0,9.6999e-09,5.9655e-09,2.4686e-10,1.0997e-09,3.0315e-09,4.0226e-09,8.3776e-10,8.6241e-10,2.8308e-10,9.8962e-10,2.0595e-09,1.2862e-12,1.0112e-10,1.9223e-10,2.7637e-11,0,4.1448e-12,8.2951e-12,1.7424e-12,0,0,0,0,0,0,0,0,0,0,0,0,0,0,0,0,0,0,0,0,0,0,0,0,0,0,0
0,0,0,0,0,0,0,0,0,0,0,0,0,0,0,0,0,0,0,0,0,0,0,0,0,0,0,0,3.8546e-18,1.1417e-16,1.7361e-16,0,5.015e-13,4.3682e-13,4.302e-14,0,5.4457e-11,2.2018e-10,5.1024e-10,2.0803e-09,0,3.1563e-09,5.2421e-09,9.1979e-09,4.4013e-09,8.0918e-09,7.3342e-09,4.9212e-10,1.6121e-08,6.7079e-08,4.2822e-08,5.0761e-09,2.0798e-08,3.3412e-08,5.1775e-08,1.8759e-08,6.0478e-08,2.6178e-08,1.2702e-08,3.6636e-11,1.2178e-08,0,0,2.1193e-07,8.7613e-08,1.5626e-07,0,0,9.6166e-08,0,1.1275e-09,5.3051e-09,0,0,2.4388e-08,0,2.3086e-09,5.8492e-08,2.669e-08,4.2828e-09,6.8067e-09,0,1.5985e-08,1.2734e-08,2.2905e-09,1.2849e-09,5.7703e-09,8.0391e-09,1.9349e-09,1.8787e-09,6.2026e-10,1.7665e-09,3.3476e-09,0,9.7093e-11,3.1998e-10,7.2929e-11,0,3.1172e-12,1.1609e-11,2.9429e-12,0,0,0,0,0,0,0,0,0,0,0,0,0,0,0,0,0,0,0,0,0,0,0,0,0,0,0
0,0,0,0,0,0,0,0,0,0,0,0,0,0,0,0,0,0,0,0,0,0,0,0,0,0,0,0,1.5203e-17,2.1023e-16,1.209e-16,0,9.4168e-13,1.0128e-12,1.0244e-13,0,9.5773e-11,3.6202e-10,6.0048e-10,3.9018e-09,0,4.152e-09,1.0946e-08,1.5591e-08,7.8101e-09,1.4111e-08,2.2847e-08,0,2.9743e-08,1.1845e-07,8.4617e-08,1.0185e-08,1.7746e-08,7.4589e-08,6.1043e-08,4.3069e-08,5.8943e-08,2.5716e-08,2.3497e-08,2.2584e-10,3.1363e-08,0,0,2.9351e-07,1.5464e-07,2.3269e-07,7.4188e-09,0,1.5849e-07,0,1.8506e-09,0,0,0,6.1413e-08,0,5.609e-09,1.0134e-07,2.691e-08,5.6802e-09,1.3018e-08,0,2.3884e-08,2.8127e-08,1.0929e-08,1.4333e-11,9.5474e-09,1.4785e-08,3.684e-09,3.8452e-09,1.0381e-09,2.7319e-09,5.3117e-09,0,6.396e-11,4.6073e-10,1.9122e-10,7.7424e-13,3.575e-12,1.64e-11,4.635e-12,0,0,0,0,0,0,0,0,0,0,0,0,0,0,0,0,0,0,0,0,0,0,0,0,0,0,0
0,0,0,0,0,0,0,0,0,0,0,0,0,0,0,0,0,0,0,0,0,0,0,0,0,0,0,0,4.1457e-17,3.7742e-16,1.9099e-16,1.1035e-14,1.716e-12,2.7002e-12,2.1327e-13,6.6683e-12,1.5591e-10,5.4677e-10,5.607e-10,6.649e-09,0,4.1498e-09,1.9834e-08,2.5055e-08,1.7259e-08,2.041e-08,5.8232e-08,0,5.2811e-08,2.0115e-07,1.4925e-07,1.9754e-08,1.0977e-08,1.5418e-07,1.0112e-07,9.5916e-08,4.932e-08,2.1285e-08,4.3472e-08,1.084e-09,7.0474e-08,0,0,3.689e-07,2.2199e-07,2.9586e-07,5.1841e-09,0,2.707e-07,0,3.9644e-09,0,0,1.4295e-11,1.2986e-07,0,2.2452e-08,1.8196e-07,3.3516e-08,4.9319e-09,2.3546e-08,0,3.0178e-08,5.6988e-08,3.2206e-08,0,1.5586e-08,2.3707e-08,5.4219e-09,8.1795e-09,1.479e-09,3.4244e-09,8.203e-09,3.432e-10,9.0777e-11,5.1829e-10,4.5875e-10,0,4.6078e-12,2.3677e-11,7.7912e-12,0,0,0,0,0,0,0,0,0,0,0,0,0,0,0,0,0,0,0,0,0,0,0,0,0,0,0
0,0,0,0,0,0,0,0,0,0,0,0,0,0,0,0,0,0,0,0,0,0,0,0,0,0,0,0,8.9043e-17,6.4868e-16,1.3178e-15,7.1212e-14,2.8989e-12,6.5257e-12,3.921e-13,2.4886e-11,1.95e-10,6.7586e-10,7.3532e-10,9.7156e-09,0,1.4427e-09,3.0274e-08,3.7014e-08,4.2005e-08,2.4159e-08,1.3077e-07,0,9.3299e-08,3.3463e-07,2.2975e-07,3.6483e-08,3.6855e-08,3.0655e-07,2.4057e-07,1.8867e-07,5.1984e-08,4.8079e-08,8.0885e-08,6.4158e-09,1.826e-07,0,0,4.3131e-07,2.5288e-07,2.5619e-07,0,0,4.654e-07,0,9.0652e-09,0,0,9.8652e-09,2.6363e-07,2.6372e-08,8.3593e-08,3.4138e-07,5.8254e-08,5.8225e-09,5.9148e-08,5.071e-08,3.5731e-08,1.0323e-07,7.3985e-08,0,2.9659e-08,3.3759e-08,6.1513e-09,1.8656e-08,2.023e-09,2.5903e-09,1.2217e-08,1.1471e-09,3.9329e-10,2.8292e-10,9.8939e-10,0,2.0589e-12,3.3016e-11,1.5152e-11,0,0,0,0,0,0,0,0,0,0,0,0,0,0,0,0,0,0,0,0,0,0,0,0,0,0,0
0,0,0,0,0,0,0,0,0,0,0,0,0,0,0,0,0,0,0,0,0,0,0,0,0,0,0,0,1.5759e-16,1.0812e-15,5.0351e-15,2.3433e-13,4.4624e-12,1.4266e-11,6.2646e-13,6.0298e-11,1.2426e-10,5.3409e-10,1.4837e-09,1.1544e-08,0,0,4.118e-08,4.9809e-08,9.9902e-08,4.4382e-08,2.6128e-07,1.5411e-07,1.5163e-07,5.5054e-07,3.0897e-07,6.3531e-08,1.7432e-07,5.8052e-07,5.5864e-07,3.2152e-07,5.4407e-08,1.8886e-07,1.5591e-07,2.1479e-07,4.1973e-07,7.0181e-09,0,5.0379e-07,2.228e-07,0,0,0,7.8609e-07,0,1.9223e-08,0,0,2.8595e-08,5.2125e-07,9.2914e-08,2.3273e-07,6.4689e-07,1.3056e-07,2.3145e-08,1.5097e-07,1.828e-07,5.6168e-08,1.7158e-07,1.397e-07,1.1696e-08,6.5676e-08,3.3725e-08,1.7763e-08,4.1878e-08,2.9475e-09,7.4989e-11,1.7482e-08,2.0597e-09,1.8204e-09,0,1.9015e-09,0,0,4.0666e-11,3.1344e-11,0,0,0,0,0,0,0,0,0,0,0,0,0,0,0,0,0,0,0,0,0,0,0,0,0,0,0
0,0,0,0,0,0,0,0,0,0,0,0,0,0,0,0,0,0,0,0,0,0,0,0,0,0,0,0,2.324e-16,2.2985e-15,1.3195e-14,5.3311e-13,6.3643e-12,2.4916e-11,8.3941e-13,1.0955e-10,0,2.8874e-10,2.8243e-09,1.1361e-08,0,0,6.0671e-08,6.4044e-08,2.1522e-07,9.9201e-08,4.58e-07,5.2158e-07,2.042e-07,8.8215e-07,3.7233e-07,1.0451e-07,5.1979e-07,1.0207e-06,1.0484e-06,4.805e-07,7.3894e-08,5.5831e-07,3.8859e-07,5.5398e-07,7.8356e-07,4.6842e-08,0,6.6547e-07,1.6636e-07,0,0,0,1.2738e-06,0,3.6492e-08,0,0,4.7554e-08,9.6131e-07,1.9816e-07,4.8794e-07,1.1843e-06,2.8492e-07,1.7001e-07,3.2604e-07,3.7857e-07,9.0885e-08,2.7759e-07,2.1803e-07,6.4403e-08,1.452e-07,2.1165e-09,3.7475e-08,8.4887e-08,6.1108e-09,6.4609e-10,2.4342e-08,2.1864e-09,5.3841e-09,0,3.2258e-09,0,0,4.2933e-11,6.0931e-11,0,0,0,0,0,0,0,0,0,0,0,0,0,0,0,0,0,0,0,0,0,0,0,0,0,0,0
0,0,0,0,0,0,0,0,0,0,0,0,0,0,0,0,0,0,0,0,0,0,0,0,0,0,0,0,2.8706e-16,4.5215e-15,2.0456e-14,9.5547e-13,8.8764e-12,3.6246e-11,8.9338e-13,1.3812e-10,0,2.5795e-11,3.9031e-09,1.2854e-08,0,0,1.1734e-07,8.9585e-08,4.032e-07,1.9468e-07,6.8451e-07,1.0517e-06,2.1153e-07,1.3298e-06,4.3498e-07,5.2231e-07,1.1452e-06,1.6506e-06,1.4959e-06,6.5252e-07,1.3475e-07,1.2433e-06,9.3128e-07,9.3732e-07,1.1628e-06,1.089e-07,1.3631e-07,1.0954e-06,1.9706e-07,0,1.6218e-08,0,1.9923e-06,0,6.3039e-08,0,0,5.1519e-08,1.5802e-06,3.0734e-07,7.8187e-07,2.0432e-06,6.1556e-07,4.5402e-07,5.6444e-07,5.6813e-07,2.4923e-07,4.6623e-07,2.76e-07,1.7864e-07,2.9078e-07,7.1677e-09,6.1331e-08,1.494e-07,1.2616e-08,1.9032e-09,3.3902e-08,8.9779e-10,1.2383e-08,0,4.7831e-09,3.4095e-10,0,2.8996e-11,1.0477e-10,0,0,0,0,0,0,0,0,0,0,0,0,0,0,0,0,0,0,0,0,0,0,0,0,0,0,0
0,0,0,0,0,0,0,0,0,0,0,0,0,0,0,0,0,0,0,0,0,0,0,0,0,0,0,0,3.1047e-16,7.3511e-15,1.8013e-14,1.4152e-12,1.3036e-11,4.6345e-11,7.2189e-13,1.1268e-10,0,2.1073e-10,3.7178e-09,1.949e-08,0,0,2.5904e-07,1.5116e-07,6.4574e-07,3.5145e-07,8.3113e-07,1.5793e-06,1.4057e-07,1.8275e-06,5.8087e-07,1.1221e-06,1.9814e-06,2.5208e-06,1.5088e-06,8.6885e-07,2.5768e-07,2.2475e-06,1.7156e-06,1.2236e-06,1.1918e-06,1.7626e-07,4.1635e-07,2.18e-06,4.5149e-07,0,5.8928e-07,0,3.1154e-06,0,1.0348e-07,2.2735e-08,0,6.1759e-08,2.2569e-06,3.4861e-07,9.5121e-07,3.3349e-06,1.1721e-06,7.9531e-07,7.6782e-07,7.0703e-07,6.6713e-07,8.2838e-07,2.7518e-07,3.8498e-07,5.2138e-07,1.313e-08,7.9578e-08,2.2796e-07,1.0862e-08,4.0023e-09,4.846e-08,0,2.4136e-08,0,6.1914e-09,1.0398e-09,0,1.5153e-11,1.5872e-10,0,0,0,0,0,0,0,0,0,0,0,0,0,0,0,0,0,0,0,0,0,0,0,0,0,0,0
0,0,0,0,0,0,0,0,0,0,0,0,0,0,0,0,0,0,0,0,0,0,0,0,0,0,0,0,3.5216e-16,9.7825e-15,1.0882e-14,1.8034e-12,2.0857e-11,5.825e-11,6.2425e-13,1.636e-10,6.0417e-10,1.6419e-09,1.0801e-09,5.3962e-08,0,2.0263e-09,5.1996e-07,2.8296e-07,8.7825e-07,5.9578e-07,7.3901e-07,1.9e-06,1.9644e-07,2.2792e-06,1.0046e-06,1.5961e-06,2.8767e-06,3.8684e-06,8.9245e-07,1.2699e-06,4.6691e-07,3.5432e-06,2.6423e-06,1.3796e-06,6.5263e-07,2.0243e-07,4.5626e-07,4.7241e-06,1.0453e-06,0,1.584e-06,0,5.0916e-06,0,1.6882e-07,1.1594e-07,0,2.2572e-07,2.7962e-06,2.5733e-07,8.6806e-07,5.2836e-06,2.1472e-06,1.0405e-06,7.7421e-07,7.8469e-07,1.4818e-06,1.4926e-06,2.2818e-07,7.1983e-07,8.6508e-07,4.5317e-08,8.3222e-08,3.1234e-07,0,6.7233e-09,7.192e-08,0,4.1749e-08,0,7.2141e-09,2.0506e-09,0,6.1436e-11,2.2005e-10,0,0,0,0,0,0,0,0,0,0,0,0,0,0,0,0,0,0,0,0,0,0,0,0,0,0,0
0,0,0,0,0,0,0,0,0,0,0,0,0,0,0,0,0,0,0,0,0,0,0,0,0,0,0,0,5.3388e-16,1.109e-14,2.2207e-14,2.122e-12,3.5022e-11,8.304e-11,1.5548e-12,2.5589e-10,2.3711e-09,4.7203e-09,8.0908e-09,1.4699e-07,0,7.5878e-08,8.5739e-07,5.0732e-07,1.0228e-06,9.4659e-07,3.2313e-07,1.9832e-06,6.7792e-07,2.7131e-06,2.0255e-06,1.5614e-06,3.7851e-06,6.2675e-06,7.716e-07,2.1419e-06,8.415e-07,5.2603e-06,3.6205e-06,1.7068e-06,0,1.0915e-07,3.0498e-07,1.0198e-05,2.2196e-06,0,2.48e-06,0,8.7628e-06,2.7145e-07,2.7576e-07,5.7234e-07,0,8.7753e-07,3.1096e-06,5.3176e-08,7.0151e-07,8.3284e-06,3.9799e-06,1.0078e-06,4.0636e-07,7.898e-07,2.8175e-06,2.5722e-06,2.7943e-07,1.2165e-06,1.3846e-06,1.2369e-07,1.2553e-07,4.1848e-07,0,9.3195e-09,1.1177e-07,0,6.5551e-08,0,8.4455e-09,3.1343e-09,0,1.2318e-10,3.0037e-10,0,0,0,0,0,0,0,0,0,0,0,0,0,0,0,0,0,0,0,0,0,0,0,0,0,0,0
0,0,0,0,0,0,0,0,0,0,0,0,0,0,0,0,0,0,0,0,0,0,0,0,0,0,0,0,9.4322e-16,1.5775e-14,9.7909e-14,2.5855e-12,5.8263e-11,1.337e-10,5.7524e-11,4.1716e-10,7.2149e-09,8.7073e-09,2.5591e-08,3.1001e-07,0,1.9868e-07,1.1085e-06,8.0981e-07,1.078e-06,1.4664e-06,1.1638e-07,2.0848e-06,1.6777e-06,3.4607e-06,4.0003e-06,1.1526e-06,4.8349e-06,1.0417e-05,1.4279e-06,4.1567e-06,2.6822e-06,7.7839e-06,5.2553e-06,2.8339e-06,0,0,0,2.0766e-05,4.9128e-06,0,1.8182e-06,0,1.5125e-05,1.9802e-06,4.3169e-07,1.8578e-06,0,2.3934e-06,3.4009e-06,0,1.0666e-06,1.2989e-05,7.2862e-06,6.0908e-07,0,9.0003e-07,4.7285e-06,4.0781e-06,7.3242e-07,1.8688e-06,2.1622e-06,1.087e-07,2.2803e-07,6.1038e-07,2.1106e-10,1.0659e-08,1.8447e-07,0,9.367e-08,0,1.1783e-08,3.8062e-09,0,1.7746e-10,4.2814e-10,0,0,0,0,0,0,0,0,0,0,0,0,0,0,0,0,0,0,0,0,0,0,0,0,0,0,0
0,0,0,0,0,0,0,0,0,0,0,0,0,0,0,0,0,0,0,0,0,0,0,0,0,0,0,0,1.3927e-15,2.2696e-14,2.7153e-13,3.4903e-12,9.3144e-11,2.0699e-10,6.4639e-10,6.1244e-10,1.4749e-08,1.2091e-08,5.0501e-08,5.2981e-07,0,3.9021e-07,1.0489e-06,1.1386e-06,1.2085e-06,1.8258e-06,4.6628e-08,2.4145e-06,3.0123e-06,5.1292e-06,7.0486e-06,1.7105e-06,5.8701e-06,1.6283e-05,6.3321e-06,7.1827e-06,6.1309e-06,1.2149e-05,7.63e-06,5.0938e-06,0,0,0,3.886e-05,1.1561e-05,9.9294e-06,0,0,2.4408e-05,5.8558e-06,6.0677e-07,4.1346e-06,0,5.1959e-06,4.0745e-06,0,2.6925e-06,1.9271e-05,1.2374e-05,5.0974e-07,0,1.3728e-06,7.1273e-06,5.8547e-06,1.9282e-06,2.5707e-06,3.1742e-06,0,3.4957e-07,9.8418e-07,3.6764e-08,9.7161e-09,3.2103e-07,0,1.2004e-07,0,1.9776e-08,3.3427e-09,0,2.4253e-10,6.1451e-10,0,0,0,0,0,0,0,0,0,0,0,0,0,0,0,0,0,0,0,0,0,0,0,0,0,0,0
0,0,0,0,0,0,0,0,0,0,0,0,0,0,0,0,0,0,0,0,0,0,0,0,0,0,0,0,1.1992e-15,2.9654e-14,4.9651e-13,4.7559e-12,1.4224e-10,2.6457e-10,1.4198e-09,6.389e-10,2.5199e-08,1.479e-08,7.6094e-08,7.6727e-07,8.8525e-08,7.3767e-07,6.4633e-07,1.4427e-06,1.6944e-06,1.7092e-06,0,2.3132e-06,3.9607e-06,8.2682e-06,1.0578e-05,2.2109e-06,5.7333e-06,2.1947e-05,1.5042e-05,9.4681e-06,1.0404e-05,1.706e-05,9.6845e-06,7.2991e-06,0,0,0,6.6251e-05,2.6421e-05,4.158e-05,0,0,3.4489e-05,1.3124e-05,7.1699e-07,6.5804e-06,0,7.5514e-06,5.2291e-06,0,5.5214e-06,2.5852e-05,1.8447e-05,4.9203e-07,0,2.3097e-06,9.6294e-06,7.5905e-06,3.9711e-06,3.0786e-06,4.0772e-06,9.1779e-08,4.7972e-07,1.5889e-06,2.0526e-07,6.2629e-09,5.6011e-07,0,1.3381e-07,0,3.3479e-08,8.0624e-10,0,1.3144e-09,7.7589e-10,0,0,0,0,0,0,0,0,0,0,0,0,0,0,0,0,0,0,0,0,0,0,0,0,0,0,0
0,0,0,0,0,0,0,0,0,0,0,0,0,0,0,0,0,0,0,0,0,0,0,0,0,0,0,0,0,2.8544e-14,6.1902e-13,5.3436e-12,2.0777e-10,2.767e-10,1.8588e-09,7.6319e-11,3.9232e-08,2.0968e-08,9.1748e-08,9.9119e-07,2.9117e-07,1.4385e-06,1.1859e-07,1.7246e-06,2.6762e-06,8.6551e-07,7.8532e-08,1.9533e-08,3.5112e-06,1.3074e-05,1.2841e-05,2.3523e-06,7.3544e-07,2.3415e-05,2.3752e-05,1.1568e-05,1.3064e-05,1.8546e-05,9.8393e-06,5.9999e-06,0,0,0,0.0001031,5.469e-05,8.2127e-05,0,0,3.9743e-05,2.4686e-05,6.5704e-07,5.5878e-06,0,6.8815e-06,6.0263e-06,0,7.8419e-06,3.0093e-05,2.3222e-05,6.4801e-07,0,3.4006e-06,1.1326e-05,8.9529e-06,6.4914e-06,3.0749e-06,4.1282e-06,3.9483e-07,6.7703e-07,2.3253e-06,3.586e-07,1.4187e-09,9.1615e-07,0,1.2333e-07,0,4.9912e-08,0,2.614e-10,3.8652e-09,6.6211e-10,0,0,0,0,0,0,0,0,0,0,0,0,0,0,0,0,0,0,0,0,0,0,0,0,0,0,0
0,0,0,0,0,0,0,0,0,0,0,0,0,0,0,0,0,0,0,0,0,0,0,0,0,0,0,0,0,4.7027e-15,3.6833e-13,3.0842e-12,2.9021e-10,2.139e-10,1.213e-09,0,5.803e-08,3.935e-08,9.0918e-08,1.2292e-06,5.5216e-07,2.6943e-06,9.1689e-08,2.0519e-06,3.7359e-06,0,0,0,6.3251e-06,1.9789e-05,1.1035e-05,1.8339e-06,0,1.6764e-05,2.5574e-05,1.1656e-05,1.0279e-05,1.1194e-05,7.7898e-06,0,3.9132e-06,0,0,0.00014778,0.0001007,0.00012007,0,0,3.3197e-05,3.8031e-05,3.9706e-07,0,0,3.1041e-06,4.6177e-06,0,6.6708e-06,3.0081e-05,2.4002e-05,1.1927e-06,0,3.8846e-06,1.0715e-05,9.8279e-06,8.7545e-06,2.3381e-06,2.5425e-06,9.0825e-07,1.1482e-06,2.9349e-06,2.2684e-07,0,1.3349e-06,2.1168e-08,8.5398e-08,0,6.1682e-08,1.025e-10,2.0753e-09,8.3617e-09,5.0355e-11,0,0,0,0,0,0,0,0,0,0,0,0,0,0,0,0,0,0,0,0,0,0,0,0,0,0,0
0,0,0,0,0,0,0,0,0,0,0,0,0,0,0,0,0,0,0,0,0,0,0,0,0,0,0,0,0,0,0,0,3.8822e-10,7.2905e-11,3.8171e-11,0,8.2446e-08,7.8857e-08,8.5299e-08,1.5887e-06,7.0972e-07,4.46e-06,1.6593e-06,2.4967e-06,3.6863e-06,0,0,0,1.2368e-05,2.9986e-05,2.8248e-06,5.7453e-07,0,2.369e-06,1.5301e-05,9.993e-06,1.044e-05,1.0074e-08,8.3514e-06,0,8.6023e-06,0,0,0.00019803,0.00016659,0.00014449,0,0,8.0448e-06,5.008e-05,9.9792e-08,0,0,0,0,0,3.979e-06,2.8526e-05,2.0521e-05,2.7799e-06,0,2.8206e-06,6.3253e-06,1.0083e-05,1.0276e-05,8.7368e-07,3.4938e-07,2.2584e-06,1.8353e-06,3.1838e-06,0,0,1.688e-06,8.3885e-08,5.4338e-08,0,6.1154e-08,2.172e-09,5.8953e-09,1.4579e-08,2.5384e-10,0,0,0,0,0,0,0,0,0,0,0,0,0,0,0,0,0,0,0,0,0,0,0,0,0,0,0
0,0,0,0,0,0,0,0,0,0,0,0,0,0,0,0,0,0,0,0,0,0,0,0,0,0,0,0,0,0,0,0,5.0476e-10,3.0791e-11,3.0294e-11,0,1.1148e-07,1.421e-07,1.1841e-07,2.2037e-06,5.3247e-07,6.2207e-06,5.3475e-06,3.0691e-06,1.1572e-06,0,0,0,2.1501e-05,4.7854e-05,0,0,0,0,2.6569e-07,9.7287e-06,8.5362e-06,0,1.8259e-05,0,8.7966e-06,0,0,0.00025328,0.00025292,0.00015486,0,0,0,5.921e-05,1.6764e-07,0,0,0,0,0,1.4671e-06,3.5734e-05,2.1339e-05,7.1432e-06,0,0,3.097e-06,1.0334e-05,1.1683e-05,0,0,4.7438e-06,2.6702e-06,3.2068e-06,0,7.2181e-09,1.8642e-06,1.5894e-07,4.882e-08,4.1583e-08,4.8857e-08,3.9745e-09,1.1794e-08,2.1261e-08,4.0257e-10,0,0,0,0,0,0,0,0,0,0,0,0,0,0,0,0,0,0,0,0,0,0,0,0,0,0,0
0,0,0,0,0,0,0,0,0,0,0,0,0,0,0,0,0,0,0,0,0,0,0,0,0,0,0,0,0,0,0,0,6.5926e-10,1.2846e-10,2.1981e-11,0,1.4086e-07,2.3853e-07,2.6588e-07,3.1288e-06,1.5022e-07,7.0504e-06,1.0752e-05,3.7971e-06,5.4936e-08,1.9072e-06,0,0,3.1265e-05,8.0075e-05,0,0,0,0,0,1.6407e-05,7.203e-06,0,2.8696e-05,0,3.2146e-07,0,0,0.00031642,0.0003603,0.00016344,0,0,0,7.1332e-05,1.1614e-06,0,0,0,0,0,5.9924e-06,6.7997e-05,3.4542e-05,1.8384e-05,0,0,2.0644e-06,1.2553e-05,1.5231e-05,0,0,5.6003e-06,4.1499e-06,3.7908e-06,0,2.497e-08,1.9365e-06,1.8301e-07,8.9196e-08,2.1418e-07,4.3482e-08,2.9487e-09,1.666e-08,2.6381e-08,2.8136e-10,0,0,0,0,0,0,0,0,0,0,0,0,0,0,0,0,0,0,0,0,0,0,0,0,0,0,0
0,0,0,0,0,0,0,0,0,0,0,0,0,0,0,0,0,0,0,0,0,0,0,0,0,0,0,0,0,0,0,0,8.9515e-10,8.2072e-10,2.7927e-10,0,1.6256e-07,3.6408e-07,6.1052e-07,4.2768e-06,0,6.039e-06,1.6388e-05,5.0392e-06,4.9699e-08,3.1919e-06,0,0,3.9075e-05,0.00013381,0,0,0,1.755e-05,7.525e-06,5.2247e-05,1.1657e-05,0,3.4851e-05,0,0,0,0,0.00039188,0.00048846,0.00018053,0,0,0,9.0625e-05,3.6033e-06,0,0,9.0729e-06,0,0,2.7889e-05,0.0001403,6.5632e-05,4.9276e-05,0,0,4.2795e-06,2.059e-05,2.4487e-05,0,2.9717e-06,2.1344e-06,7.6357e-06,6.3106e-06,0,5.085e-08,2.2684e-06,4.8899e-08,3.5191e-07,4.7073e-07,7.4436e-08,0,1.4443e-08,2.7992e-08,0,0,0,0,0,0,0,0,0,0,0,0,0,0,0,0,0,0,0,0,0,0,0,0,0,0,0,0
0,0,0,0,0,0,0,0,0,0,0,0,0,0,0,0,0,0,0,0,0,0,0,0,0,0,0,0,1.4032e-14,0,1.6646e-13,0,1.2676e-09,2.4093e-09,4.1707e-11,0,1.6725e-07,4.9774e-07,1.1966e-06,5.5089e-06,0,2.8955e-06,2.0037e-05,7.8908e-06,0,1.8684e-05,7.8559e-06,2.3601e-05,7.6613e-05,0.00021388,0,1.2196e-06,0,8.1285e-05,3.2218e-05,0.00013359,6.657e-05,4.7089e-05,3.1357e-05,0,0,0,1.3275e-06,0.00047715,0.00062982,0.00018488,0,0,2.6245e-05,0.00011643,7.7235e-06,0,0,2.6716e-05,3.5574e-06,0,9.8929e-05,0.00025689,0.00012599,0.00010704,1.3642e-05,0,1.8963e-05,3.9456e-05,4.2946e-05,0,1.8264e-05,0,1.2503e-05,1.2162e-05,0,8.2582e-08,3.3979e-06,0,9.1985e-07,7.4795e-07,1.8673e-07,0,1.0593e-11,2.5373e-08,0,0,0,0,0,0,0,0,0,0,0,0,0,0,0,0,0,0,0,0,0,0,0,0,0,0,0,0
0,0,0,0,0,0,0,0,0,0,0,0,0,0,0,0,0,0,0,0,0,0,0,0,0,0,0,0,4.3107e-14,3.1648e-14,4.2373e-13,1.2658e-11,1.8127e-09,5.1042e-09,8.257e-11,0,1.526e-07,6.3004e-07,1.9955e-06,6.8804e-06,0,1.0787e-06,1.9673e-05,1.4301e-05,2.4843e-05,5.0777e-05,6.7245e-05,0.00012073,0.00011789,0.00032024,3.2179e-05,8.1505e-06,5.5752e-05,0.00017297,0.00010384,0.00022591,0.00017508,0.00012593,3.223e-05,0,0,8.506e-06,7.5314e-05,0.00054818,0.00075729,9.7014e-05,0,0,0.00022038,0.00013942,1.3224e-05,0,0,3.1319e-05,1.6276e-05,7.0367e-07,0.00020669,0.00040555,0.00021282,0.00019904,6.5522e-05,3.2055e-07,7.2898e-05,7.2648e-05,7.1503e-05,2.602e-08,4.2675e-05,0,1.7651e-05,2.1837e-05,1.6463e-06,1.2104e-07,5.7043e-06,3.1303e-09,1.8882e-06,9.263e-07,3.9846e-07,6.4274e-08,0,2.0143e-08,7.651e-09,0,0,0,0,0,0,0,0,0,0,0,0,0,0,0,0,0,0,0,0,0,0,0,0,0,0,0
0,0,0,0,0,0,0,0,0,0,0,0,0,0,0,0,0,0,0,0,0,0,0,0,0,0,0,0,7.7698e-14,5.6144e-13,1.5913e-13,8.1489e-11,2.5263e-09,9.1196e-09,1.4715e-10,0,1.3936e-07,7.6649e-07,2.9263e-06,8.881e-06,0,1.2442e-06,1.484e-05,2.6489e-05,7.6261e-05,9.3891e-05,0.00014461,0.00024054,0.00018041,0.00044542,0.0001209,1.8465e-05,0.00023188,0.00026891,0.0001742,0.00029767,0.00029316,0.00017195,3.1291e-05,0,0,3.4416e-05,0.00032706,0.0005466,0.00080997,0,0,0,0.00052129,0.00013644,1.9157e-05,0,0,4.798e-06,2.3332e-05,2.3847e-05,0.0003154,0.00055879,0.0002985,0.00032319,0.00012968,3.5952e-05,0.00014978,0.00011824,0.00010512,1.1747e-05,7.2373e-05,0,2.1271e-05,3.4063e-05,4.2689e-06,1.7582e-07,9.1043e-06,1.4726e-06,3.2139e-06,8.9843e-07,6.8245e-07,1.9421e-07,0,1.7054e-08,1.9851e-08,0,0,0,0,0,0,0,0,0,0,0,0,0,0,0,0,0,0,0,0,0,0,0,0,0,0,0
0,0,0,0,0,0,0,0,0,0,0,0,0,0,0,0,0,0,0,0,0,0,0,0,0,0,0,0,1.1135e-13,1.3306e-12,0,1.6287e-10,3.3886e-09,1.3838e-08,2.4313e-10,0,1.866e-07,9.5063e-07,3.9395e-06,1.2399e-05,0,2.0714e-06,7.7606e-06,4.5755e-05,0.00014341,0.00013171,0.00021646,0.00034634,0.00024557,0.00057305,0.00026715,3.0596e-05,0.00038469,0.00032279,0.00020256,0.00031912,0.00036196,0.0001332,2.7332e-05,0,1.752e-05,6.383e-05,0.00062037,0.0003843,0.00068495,0,0,0,0.00082233,7.6342e-05,2.4133e-05,0,0,0,2.8026e-05,3.2474e-05,0.00036887,0.00068174,0.00035158,0.0004632,0.00017227,9.6604e-05,0.00022639,0.00016883,0.00013116,3.6008e-05,0.00010121,0,2.2094e-05,4.5798e-05,8.4782e-06,2.6592e-07,1.3108e-05,3.0803e-06,4.5902e-06,6.8708e-07,9.6081e-07,3.3489e-07,0,2.3583e-08,3.0521e-08,0,0,0,0,0,0,0,0,0,0,0,0,0,0,0,0,0,0,0,0,0,0,0,0,0,0,0
0,0,0,0,0,0,0,0,0,0,0,0,0,0,0,0,0,0,0,0,0,0,0,0,0,0,0,0,1.2878e-13,1.8672e-12,0,2.3622e-10,4.4149e-09,1.7482e-08,3.9305e-10,0,3.8564e-07,1.2752e-06,5.0868e-06,1.8216e-05,8.8186e-07,4.0021e-06,3.0881e-06,7.1215e-05,0.00020056,0.00014397,0.00025926,0.00039428,0.00028761,0.00068123,0.00044662,4.3039e-05,0.00043936,0.00026507,0.00015933,0.0002753,0.00031289,5.9153e-06,5.2882e-06,0,7.4937e-05,8.7616e-05,0.00085916,3.5832e-05,0.00025435,0,0,0,0.00098806,0,2.6979e-05,0.00012241,0,0,2.0491e-05,1.3191e-05,0.00031979,0.0007456,0.00034884,0.00059066,0.00014274,0.00017762,0.00026984,0.00020971,0.00013341,5.8787e-05,0.00012231,0,2.0799e-05,5.3607e-05,1.5034e-05,4.1055e-07,1.722e-05,3.5111e-06,5.4735e-06,5.0628e-07,1.1421e-06,3.7989e-07,0,4.7117e-08,3.3661e-08,0,0,0,0,0,0,0,0,0,0,0,0,0,0,0,0,0,0,0,0,0,0,0,0,0,0,0
0,0,0,0,0,0,0,0,0,0,0,0,0,0,0,0,0,0,0,0,0,0,0,0,0,0,0,0,1.1844e-13,1.8223e-12,0,2.887e-10,5.6593e-09,1.8685e-08,6.3268e-10,0,8.1173e-07,1.8394e-06,6.4741e-06,2.6107e-05,5.7616e-06,2.0011e-05,3.9696e-06,0.00011197,0.00021669,0.00011883,0.00026412,0.00035715,0.00029359,0.00075753,0.00063815,8.0082e-05,0.00037072,8.5998e-05,8.1861e-05,0.00020605,0.00012199,0,0,0,7.3717e-05,9.7767e-05,0.00098783,0,7.9126e-05,0,0,2.6382e-05,0.0009421,0,2.7749e-05,0.00023759,0,0,2.6721e-07,0,0.00017556,0.00074847,0.00029783,0.00067697,1.8295e-05,0.00022783,0.00025646,0.00023033,0.00010438,6.3113e-05,0.00013294,0,1.9997e-05,5.6288e-05,2.0973e-05,6.1443e-07,2.129e-05,2.4266e-06,5.4124e-06,6.3796e-07,1.1932e-06,3.1564e-07,0,8.9348e-08,2.856e-08,0,0,0,0,0,0,0,0,0,0,0,0,0,0,0,0,0,0,0,0,0,0,0,0,0,0,0
0,0,0,0,0,0,0,0,0,0,0,0,0,0,0,0,0,0,0,0,0,0,0,0,0,0,0,0,9.1193e-14,1.2749e-12,0,3.2368e-10,7.1164e-09,1.8005e-08,9.9257e-10,0,1.4426e-06,2.652e-06,8.5733e-06,3.4039e-05,1.3117e-05,3.9324e-05,9.8722e-06,0.00014959,0.00017748,7.3563e-05,0.00024316,0.00025191,0.00026268,0.00082276,0.00082602,0.00031855,0.00024619,2.7768e-05,4.7866e-05,0.00020561,7.2451e-05,0,7.8203e-05,0,0,9.4203e-05,0.0010909,0,0,0,0,0.00011731,0.00076169,0,2.854e-05,0.00030832,0,0,0,0,3.9663e-05,0.00073961,0.00025649,0.00071261,0,0.0002207,0.00019363,0.00024173,6.0374e-05,4.1346e-05,0.00014093,0,2.435e-05,5.7222e-05,2.5946e-05,8.6247e-07,2.5432e-05,8.8769e-07,4.5629e-06,1.1357e-06,1.2026e-06,1.5373e-07,0,1.4073e-07,1.6957e-08,0,0,0,0,0,0,0,0,0,0,0,0,0,0,0,0,0,0,0,0,0,0,0,0,0,0,0
0,0,0,0,0,0,0,0,0,0,0,0,0,0,0,0,0,0,0,0,0,0,0,0,0,0,0,0,8.3459e-14,6.516e-13,0,3.5321e-10,8.5962e-09,1.7787e-08,1.1501e-08,0,2.0988e-06,3.5602e-06,1.0765e-05,3.8278e-05,2.1138e-05,5.0761e-05,1.3318e-05,0.00015423,0.00010453,3.035e-05,0.00022197,0.00015004,0.00021633,0.00094284,0.00101,0.00066222,0.00021614,0,4.4974e-05,0.00024044,3.9876e-06,0,0.00023341,2.5236e-06,0,8.8496e-05,0.0014304,0,0,0,0,0.00026463,0.00073304,0,3.3376e-05,0.00039056,0,0,0,0,3.9975e-05,0.00082599,0.00032971,0.00072229,0,0.00017585,0.00013632,0.00028351,4.5028e-05,1.2186e-05,0.00016646,0,2.9916e-05,6.3896e-05,3.0551e-05,1.133e-06,2.9642e-05,0,3.9489e-06,1.594e-06,1.3758e-06,1.4183e-08,0,1.8061e-07,1.5809e-08,0,0,0,0,0,0,0,0,0,0,0,0,0,0,0,0,0,0,0,0,0,0,0,0,0,0,0
0,0,0,0,0,0,0,0,0,0,0,0,0,0,0,0,0,0,0,0,0,0,0,0,0,0,0,0,1.4096e-13,2.7484e-13,2.8187e-12,3.7554e-10,9.7554e-09,1.9911e-08,4.4954e-08,0,2.4804e-06,4.3091e-06,1.1876e-05,3.507e-05,3.0309e-05,4.2712e-05,2.8882e-06,0.00014177,5.2195e-05,5.3395e-05,0.00022212,0.00014822,0.00019993,0.0011989,0.0011999,0.0010604,0.00036292,0,0.0001027,0.00034449,0,0,0.00034411,2.2502e-05,0,0.00010072,0.0023529,0,0,0,0.00088004,0.0010071,0.0012783,1.4419e-05,4.6638e-05,0.00058395,0.00012148,0,0,0,0.00033255,0.0011269,0.00061732,0.00075728,0,0.00016028,0.00015391,0.00040995,0.00010914,2.0437e-05,0.0002313,0,2.4005e-05,8.3001e-05,3.5821e-05,2.8569e-06,3.3652e-05,0,5.006e-06,1.2871e-06,1.9336e-06,5.7014e-08,0,1.8697e-07,1.6983e-08,0,0,0,0,0,0,0,0,0,0,0,0,0,0,0,0,0,0,0,0,0,0,0,0,0,0,0
0,0,0,0,0,0,0,0,0,0,0,0,0,0,0,0,0,0,0,0,0,0,0,0,0,0,0,0,2.8443e-13,8.9296e-13,3.7692e-11,3.5644e-10,1.0373e-08,2.7982e-08,9.6132e-08,2.4149e-08,2.3214e-06,4.7168e-06,1.1545e-05,2.3347e-05,2.8261e-05,1.1638e-05,0,0.00012996,7.6138e-05,0.00016225,0.00024554,0.00030392,0.00026496,0.0016147,0.001393,0.0013895,0.00070052,2.0879e-05,0.00025068,0.00051881,0,0,0.00026647,0.00058432,0,0.00015205,0.0041151,0,0,0,0.0033359,0.0027186,0.0027311,0.0008784,0.00059539,0.0010023,0.00043219,0,5.1634e-05,2.568e-05,0.00087226,0.0016725,0.0011203,0.00085178,9.0653e-05,0.00024175,0.00026915,0.00065184,0.00027406,9.4822e-05,0.00033774,1.6987e-05,2.2236e-05,0.00011339,4.2057e-05,4.2207e-06,3.7282e-05,3.7548e-07,8.511e-06,0,2.9643e-06,3.6066e-07,0,1.5136e-07,1.1629e-08,0,0,0,0,0,0,0,0,0,0,0,0,0,0,0,0,0,0,0,0,0,0,0,0,0,0,0
0,0,0,0,0,0,0,0,0,0,0,0,0,0,0,0,0,0,0,0,0,0,0,0,0,0,0,0,4.8165e-13,1.9747e-12,6.9254e-11,2.3971e-10,1.0672e-08,4.1245e-08,1.5718e-07,1.1142e-07,1.5793e-06,4.7987e-06,1.1634e-05,1.3489e-05,1.0758e-05,0,0,0.00010855,0.00019618,0.00034862,0.00027033,0.00057941,0.00043427,0.0020918,0.0015532,0.0014763,0.00106,0.00016319,0.00051714,0.00080002,0,1.3093e-05,0.00019312,0.0015894,0,0.00026155,0.0067718,0.0011778,0.0010708,0.0015844,0.0071219,0.0052741,0.0050656,0.002209,0.001703,0.0015918,0.00080418,0.00023955,0.0006254,0.00015784,0.0013902,0.0023018,0.001663,0.00096035,0.00067053,0.00042024,0.00051738,0.00097356,0.00050492,0.00024207,0.00045246,8.6881e-05,4.9903e-05,0.00014258,4.7949e-05,1.9494e-06,4.078e-05,3.3928e-06,1.3707e-05,0,4.3345e-06,8.6297e-07,0,8.7921e-08,3.3367e-08,0,0,0,0,0,0,0,0,0,0,0,0,0,0,0,0,0,0,0,0,0,0,0,0,0,0,0
0,0,0,0,0,0,0,0,0,0,0,0,0,0,0,0,0,0,0,0,0,0,0,0,0,0,0,0,6.5234e-13,2.6243e-12,8.0166e-11,5.6913e-11,1.1329e-08,5.3635e-08,2.0717e-07,1.9432e-07,5.977e-07,4.6997e-06,1.1671e-05,6.5724e-06,0,0,0,8.5982e-05,0.0003698,0.00057785,0.00025952,0.00084723,0.00067117,0.002427,0.0016214,0.0011817,0.0012465,0.0003348,0.00066969,0.0012249,1.1189e-05,0.00021694,4.8737e-05,0.0026276,9.6647e-05,0.0014437,0.010254,0.0044015,0.0055552,0.0074305,0.011881,0.0082889,0.0078049,0.0037942,0.0028988,0.0021513,0.00090309,0.00045407,0.00079248,0.0002181,0.0014625,0.0026637,0.0019215,0.00093106,0.0011501,0.00059637,0.00078853,0.0012632,0.00071823,0.00039524,0.00051446,0.00014779,7.579e-05,0.00015175,5.0907e-05,2.0175e-06,4.4562e-05,6.3062e-06,1.8513e-05,0,5.7397e-06,1.3859e-06,0,4.5115e-08,7.4514e-08,7.9062e-09,0,0,0,0,0,0,0,0,0,0,0,0,0,0,0,0,0,0,0,0,0,0,0,0,0,0
0,0,0,0,0,0,0,0,0,0,0,0,0,0,0,0,0,0,0,0,0,0,0,0,0,0,0,0,7.0849e-13,2.0439e-12,5.9005e-11,1.5823e-11,1.3041e-08,5.9238e-08,2.1649e-07,1.744e-07,1.6855e-07,4.509e-06,1.1676e-05,5.8367e-06,0,0,0,7.3495e-05,0.00051288,0.00060743,0.0001778,0.00096706,0.00087907,0.002442,0.0015576,0.0005084,0.0011938,0.0010192,0.00069358,0.0016708,0.00013488,0.00073678,9.2557e-05,0.0038541,0.0021355,0.0050378,0.014593,0.0084894,0.011023,0.013915,0.017029,0.011298,0.010288,0.0055062,0.0038621,0.0024756,0.00056368,0.00035808,0.00016712,0.00013016,0.00075218,0.0023903,0.0016003,0.00057497,0.0011774,0.00061966,0.00094424,0.001382,0.0008223,0.00045982,0.00046931,0.00011863,8.9347e-05,0.00012807,4.8619e-05,1.7098e-06,4.8711e-05,7.2373e-06,2.0895e-05,0,6.8749e-06,1.8138e-06,0,4.9881e-08,1.0308e-07,4.65e-08,0,0,0,0,0,0,0,0,0,0,0,0,0,0,0,0,0,0,0,0,0,0,0,0,0,0
0,0,0,0,0,0,0,0,0,0,0,0,0,0,0,0,0,0,0,0,0,0,0,0,0,0,0,0,6.0277e-13,1.9567e-13,1.3013e-11,0,1.5975e-08,5.5782e-08,1.6092e-07,2.3352e-08,0,4.2089e-06,1.1462e-05,1.3867e-05,0,0,0,8.3267e-05,0.00054771,0.00050461,1.4878e-05,0.00087869,0.0009435,0.0021458,0.0013875,0.00020753,0.0010258,0.0015686,0.00078318,0.0022755,0.00033993,0.0018442,0.0012155,0.0057136,0.0055733,0.0099023,0.020052,0.01313,0.016898,0.020338,0.022115,0.014153,0.012191,0.0069286,0.004408,0.0025144,0,0,0,0,2.212e-06,0.0013833,0.00067634,0.00027437,0.0005965,0.00039666,0.00088366,0.001257,0.00076306,0.00036855,0.00030815,4.2761e-05,8.5701e-05,7.6342e-05,4.0817e-05,8.7394e-07,5.3323e-05,5.2235e-06,2.0389e-05,0,7.6011e-06,1.7197e-06,0,7.7344e-08,1.0361e-07,8.5935e-08,0,0,0,0,0,0,0,0,0,0,0,0,0,0,0,0,0,0,0,0,0,0,0,0,0,0
0,0,0,0,0,0,0,0,0,0,0,0,0,0,0,0,0,0,0,0,0,0,0,0,0,0,0,0,3.5272e-13,0,0,0,1.9638e-08,4.6512e-08,3.9174e-08,0,1.8262e-07,3.8842e-06,1.1047e-05,3.461e-05,0,3.9228e-06,4.8723e-06,0.00012574,0.00045045,0.0003052,0,0.00063488,0.00080114,0.0017921,0.0012064,0.00016728,0.00095608,0.0018492,0.0012656,0.0032633,0.0014857,0.0037119,0.0044371,0.0086438,0.010361,0.015955,0.026951,0.017979,0.022879,0.026411,0.027014,0.017144,0.013892,0.008064,0.0046443,0.0024709,0,0,0,0,0,0.00010875,0,7.5199e-05,1.2578e-05,0.0001688,0.00062646,0.0009559,0.00054752,0.00012975,8.1534e-05,0,6.8444e-05,2.6407e-05,3.0095e-05,1.316e-05,5.989e-05,9.2813e-07,1.8462e-05,0,7.9835e-06,1.1241e-06,1.7665e-07,1.2792e-07,7.3526e-08,1.1437e-07,0,0,0,0,0,0,0,0,0,0,0,0,0,0,0,0,0,0,0,0,0,0,0,0,0,0
0,0,0,0,0,0,0,0,0,0,0,0,0,0,0,0,0,0,0,0,0,0,0,0,0,0,0,0,7.3644e-14,0,0,0,2.3338e-08,3.9379e-08,1.8498e-09,0,1.2976e-06,3.9691e-06,1.1118e-05,7.0191e-05,0,3.9768e-05,2.8542e-05,0.00020574,0.00026381,0.00018479,0,0.00034938,0.0004916,0.0017443,0.0011309,0.00017212,0.0011245,0.0019708,0.0023867,0.0047617,0.0036292,0.0062765,0.0091938,0.012672,0.01599,0.022687,0.035245,0.022695,0.028837,0.032149,0.031758,0.020663,0.01626,0.0091287,0.0049467,0.0027187,0,0,0,0,0,0,0,0,0,0,0.00032868,0.00068485,0.00023671,0,0,0,4.7004e-05,1.6882e-05,2.1152e-05,3.1867e-05,7.2014e-05,0,1.7333e-05,0,8.1744e-06,2.6923e-07,7.6626e-07,2.2274e-07,2.2608e-08,1.3654e-07,0,0,0,0,0,0,0,0,0,0,0,0,0,0,0,0,0,0,0,0,0,0,0,0,0,0
0,0,0,0,0,0,0,0,0,0,0,0,0,0,0,0,0,0,0,0,0,0,0,0,0,0,0,0,0,0,0,0,2.6734e-08,4.0622e-08,2.6978e-08,0,2.9556e-06,5.14e-06,1.2755e-05,0.00010447,9.0434e-06,6.9993e-05,0.00013098,0.00031732,7.2848e-05,0.00037138,0,0.00011876,0.00019912,0.0022306,0.0012319,0.00023272,0.0014819,0.0021085,0.0041212,0.0066444,0.0063704,0.0088372,0.014642,0.017258,0.021471,0.029125,0.044166,0.026976,0.03451,0.037501,0.036206,0.024708,0.019933,0.010348,0.0057384,0.0035754,0,0,0,0,0,0,0,0,0,0,0.00030882,0.00066825,1.0683e-05,0,0,1.3441e-05,8.3921e-05,1.7371e-05,1.8483e-05,4.975e-05,9.3313e-05,0,1.8229e-05,6.6123e-08,8.248e-06,0,1.2872e-06,3.6354e-07,1.1708e-08,1.6027e-07,0,0,0,0,0,0,0,0,0,0,0,0,0,0,0,0,0,0,0,0,0,0,0,0,0,0
0,0,0,0,0,0,0,0,0,0,0,0,0,0,0,0,0,0,0,0,0,0,0,0,0,0,0,0,0,3.8771e-13,0,1.2193e-10,2.9814e-08,4.7185e-08,1.0855e-07,0,4.5466e-06,7.7304e-06,1.6362e-05,0.00013093,3.377e-05,8.1348e-05,0.0002232,0.00043985,0,0.00055016,0,1.197e-05,0.00039301,0.0031601,0.0014941,0.00033541,0.0018958,0.0024401,0.0061501,0.0085377,0.0091122,0.010839,0.019656,0.021555,0.025772,0.034179,0.052292,0.030611,0.039404,0.04205,0.039937,0.028721,0.024625,0.011757,0.0071872,0.0050874,0.001485,4.7315e-05,0,0.0009078,0,0.0011803,0.00068967,0.00010201,0,0,0.00043902,0.00097005,2.4622e-06,0,0,2.1223e-05,0.00013311,7.0548e-05,2.305e-05,6.5213e-05,0.00012292,1.663e-07,2.0476e-05,3.0644e-07,8.1136e-06,0,1.5131e-06,5.0313e-07,2.4375e-08,1.8793e-07,0,0,0,0,0,0,0,0,0,0,0,0,0,0,0,0,0,0,0,0,0,0,0,0,0,0
0,0,0,0,0,0,0,0,0,0,0,0,0,0,0,0,0,0,0,0,0,0,0,0,0,0,0,0,0,1.006e-12,0,2.6854e-10,3.2239e-08,5.5865e-08,1.1879e-07,0,5.7234e-06,1.1065e-05,2.0712e-05,0.00014495,4.9352e-05,7.9649e-05,0.00029236,0.00055788,9.285e-07,0.00064718,0,4.9709e-05,0.00058527,0.0041357,0.0018205,0.0012516,0.0022569,0.0030937,0.0079949,0.0099874,0.0112,0.012035,0.023286,0.024878,0.028357,0.037149,0.05803,0.033463,0.043026,0.045036,0.042466,0.031944,0.029047,0.013171,0.0090203,0.0069802,0.0041473,0.002363,0.00094251,0.0034202,0.0020595,0.0039145,0.0024706,0.0017967,0,6.0809e-05,0.00082138,0.0014858,7.84e-06,0,4.5853e-06,0,0.0001536,0.00015005,2.9957e-05,7.5046e-05,0.00015222,1.2608e-06,2.2038e-05,3.6855e-06,7.5599e-06,0,1.4178e-06,6.0673e-07,3.217e-08,2.1303e-07,0,0,0,0,0,0,0,0,0,0,0,0,0,0,0,0,0,0,0,0,0,0,0,0,0,0
0,0,0,0,0,0,0,0,0,0,0,0,0,0,0,0,0,0,0,0,0,0,0,0,0,0,0,0,0,1.3298e-12,0,1.9609e-10,3.2751e-08,6.1219e-08,6.6946e-08,0,6.2419e-06,1.336e-05,2.3148e-05,0.00014216,5.6333e-05,7.0982e-05,0.00032933,0.00058229,7.343e-08,0.00064022,0,0.0001204,0.00070453,0.0046546,0.0020688,0.0025355,0.0025073,0.004058,0.0091805,0.010648,0.012246,0.012524,0.025018,0.026972,0.02937,0.038013,0.060226,0.035348,0.045156,0.045629,0.043531,0.033956,0.03157,0.014324,0.010613,0.0088001,0.0061744,0.0043653,0.0036542,0.0051623,0.0046798,0.0064506,0.0041918,0.0035826,0.00028241,0.00026818,0.001261,0.0019851,1.7935e-05,0,6.7477e-05,0,0.00014084,0.00020772,3.0044e-05,7.4804e-05,0.00016683,2.1357e-06,2.0995e-05,7.2825e-06,6.3929e-06,0,1.1087e-06,6.3662e-07,3.406e-08,2.2441e-07,0,0,0,0,0,0,0,0,0,0,0,0,0,0,0,0,0,0,0,0,0,0,0,0,0,0
0,0,0,0,0,0,0,0,0,0,0,0,0,0,0,0,0,0,0,0,0,0,0,0,0,0,0,0,0,1.2919e-12,0,0,2.9494e-08,5.8294e-08,1.0815e-09,0,5.9459e-06,1.2537e-05,2.1097e-05,0.00011831,5.4461e-05,5.5052e-05,0.0003248,0.00051238,6.553e-05,0.00056117,6.1558e-05,0.00024077,0.00063039,0.0043696,0.0021001,0.0036004,0.0026319,0.0051062,0.0093386,0.010368,0.012206,0.012506,0.024745,0.027871,0.029291,0.037246,0.058544,0.035924,0.045817,0.043262,0.043135,0.03488,0.031152,0.015023,0.01134,0.010135,0.006845,0.0051567,0.004953,0.00545,0.0059314,0.0075299,0.0047648,0.0044115,0.00066872,0.0003642,0.00142,0.0021548,2.2208e-05,0,0.00020221,0,9.9991e-05,0.00021144,1.6201e-05,6.055e-05,0.000154,4.3916e-06,1.6849e-05,8.3937e-06,4.5793e-06,0,7.3887e-07,5.6755e-07,3.1521e-08,2.1403e-07,0,0,0,0,0,0,0,0,0,0,0,0,0,0,0,0,0,0,0,0,0,0,0,0,0,0
0,0,0,0,0,0,0,0,0,0,0,0,0,0,0,0,0,0,0,0,0,0,0,0,0,0,0,0,0,9.9579e-13,0,0,2.1255e-08,4.5129e-08,1.1794e-09,0,4.7891e-06,7.5194e-06,1.3867e-05,7.2211e-05,4.0533e-05,2.6635e-05,0.00027032,0.00034864,0.00012989,0.00036067,9.8988e-05,0.0004876,0.00042322,0.0032625,0.0018249,0.0042687,0.0026068,0.005853,0.0082768,0.0091782,0.011201,0.012008,0.022609,0.027555,0.028392,0.03535,0.053464,0.034757,0.044972,0.037888,0.041351,0.035081,0.027882,0.015201,0.010971,0.010761,0.0061693,0.0044162,0.0044018,0.0042854,0.0054166,0.0065387,0.0038087,0.0039346,0.00061105,0.00028399,0.0011566,0.0018391,1.4884e-05,0,0.00026357,1.5346e-05,7.3491e-05,0.00015335,8.0659e-06,3.1874e-05,0.00011042,5.8545e-06,1.0807e-05,6.4449e-06,2.3132e-06,0,4.0926e-07,4.0068e-07,2.7834e-08,1.8205e-07,0,0,0,0,0,0,0,0,0,0,0,0,0,0,0,0,0,0,0,0,0,0,0,0,0,0
0,0,0,0,0,0,0,0,0,0,0,0,0,0,0,0,0,0,0,0,0,0,0,0,0,0,0,0,1.4048e-14,6.4415e-13,0,0,8.7169e-09,2.3834e-08,9.6243e-10,0,2.9236e-06,1.5341e-07,3.4231e-06,2.0314e-05,1.2123e-05,3.0748e-06,0.0001645,0.00010921,0.000151,8.624e-05,4.3411e-06,0.00070965,0.00032008,0.0016523,0.0012402,0.0044706,0.0024076,0.0059682,0.0060713,0.0072612,0.0093589,0.010844,0.018931,0.025823,0.026495,0.032526,0.046038,0.031616,0.042368,0.030155,0.0382,0.034718,0.022847,0.014862,0.0098178,0.010645,0.0047882,0.0025266,0.0025295,0.0023253,0.0035856,0.003841,0.0016374,0.0024625,0.00036386,6.5886e-05,0.00057375,0.0011251,5.798e-05,1.6007e-05,0.00024289,3.4201e-05,7.6029e-05,5.5036e-05,1.5511e-06,0,4.5028e-05,5.3467e-06,5.0085e-06,2.3454e-06,8.7767e-08,0,1.333e-07,1.6892e-07,2.6263e-08,1.3666e-07,0,0,0,0,0,0,0,0,0,0,0,0,0,0,0,0,0,0,0,0,0,0,0,0,0,0
0,0,0,0,0,0,0,0,0,0,0,0,0,0,0,0,0,0,0,0,0,0,0,0,0,0,0,0,2.1178e-14,4.4486e-13,0,0,0,9.7982e-11,3.4998e-10,0,8.0145e-07,0,0,0,0,0,2.0863e-05,8.1505e-05,0.00013195,2.3275e-05,0,0.00082872,0.00011935,0.00023402,0.00044256,0.0042508,0.0020427,0.0053971,0.0031306,0.0049408,0.0068461,0.0088199,0.014213,0.022523,0.023256,0.028718,0.037524,0.026745,0.037769,0.02135,0.033736,0.03357,0.017484,0.014019,0.0085162,0.0098747,0.0034948,0.00038946,0.00043373,0.00047827,0.0014065,0.00056226,0,0.00075798,0.00018415,0,0.00013465,0.00028153,3.4155e-05,0.00016628,0.00016127,4.4941e-05,6.9958e-05,7.0363e-06,0,1.0381e-06,0,3.2428e-06,1.2211e-06,0,0,0,5.5482e-08,0,2.8159e-08,9.0398e-08,0,0,0,0,0,0,0,0,0,0,0,0,0,0,0,0,0,0,0,0,0,0,0,0,0,0
0,0,0,0,0,0,0,0,0,0,0,0,0,0,0,0,0,0,0,0,0,0,0,0,0,0,0,0,1.6661e-14,1.2055e-12,5.3026e-12,0,0,0,0,0,0,0,2.2446e-07,0,0,0,0,0.00028229,9.8787e-05,4.6767e-05,0,0.00081049,0.00033427,0,0,0.0037388,0.0015567,0.0043859,0.00037973,0.0026251,0.0039946,0.0059946,0.0091183,0.01792,0.018661,0.023916,0.029008,0.020873,0.031371,0.012991,0.028212,0.031258,0.012867,0.01268,0.0075817,0.008593,0.0027471,0,0,0,4.9587e-05,0,0,0,0.00021599,0,0,1.4328e-05,0,0.00028859,9.0133e-05,5.8716e-05,5.5397e-05,0,0,2.9462e-06,0,2.825e-07,6.194e-07,0,0,0,6.1999e-09,0,3.2359e-08,5.5778e-08,0,0,0,0,0,0,0,0,0,0,0,0,0,0,0,0,0,0,0,0,0,0,0,0,0,0
0,0,0,0,0,0,0,0,0,0,0,0,0,0,0,0,0,0,0,0,0,0,0,0,0,0,0,0,7.1513e-15,4.4076e-12,9.4276e-12,0,0,0,0,0,0,0,0,0,1.6209e-05,0,0,0.00040776,7.5072e-05,0.00015124,0,0.00066994,0.00057305,0,0,0.0031904,0.001,0.0032832,0,0.00073517,0.0015065,0.0027661,0.0043457,0.012779,0.013284,0.018404,0.021146,0.0149,0.023952,0.0061628,0.022086,0.027616,0.0093098,0.010879,0.0070832,0.0069925,0.0024968,0,0,0,0,0,0,0,0.00040684,0,0,2.6107e-06,0,0.00029821,2.6353e-05,7.4299e-05,3.3724e-05,0,0,3.9065e-06,0,0,7.8623e-07,0,0,0,0,0,3.6291e-08,4.0846e-08,0,0,0,0,0,0,0,0,0,0,0,0,0,0,0,0,0,0,0,0,0,0,0,0,0,0
0,0,0,0,0,0,0,0,0,0,0,0,0,0,0,0,0,0,0,0,0,0,0,0,0,0,0,0,0,5.5883e-12,9.9508e-12,0,0,0,0,0,0,0,0,0,1.7875e-05,0,0,0.00043253,6.3667e-05,0.00012284,0,0.0004439,0.00059602,0,0,0.0026016,0.000412,0.0022995,0,0,0,9.3379e-05,0.00089597,0.0080514,0.0080463,0.01276,0.014183,0.0095112,0.016576,0.0010817,0.015879,0.022885,0.0064845,0.0087131,0.0066851,0.0053148,0.002391,0,0,0,0,0,0,0,0.0005934,0,0,0,0,0.00019254,0,7.7538e-05,8.3905e-06,0,0,3.6974e-06,0,0,8.559e-07,7.4571e-08,0,0,0,0,3.7832e-08,4.568e-08,0,0,0,0,0,0,0,0,0,0,0,0,0,0,0,0,0,0,0,0,0,0,0,0,0,0
0,0,0,0,0,0,0,0,0,0,0,0,0,0,0,0,0,0,0,0,0,0,0,0,0,0,0,0,0,4.7492e-12,6.5801e-12,0,0,0,0,3.4522e-08,0,0,0,0,3.9676e-06,8.6131e-07,0,0.00036751,4.6255e-05,2.8268e-05,0,0.00016843,0.00047473,0,0,0.0020017,6.5625e-05,0.0014426,0,0,0,0,0,0.0044089,0.0037557,0.007655,0.0082169,0.0050272,0.010133,0,0.010072,0.017643,0.0038835,0.0063755,0.0059906,0.0038025,0.0021159,0,0,0,0,0,0,6.8378e-05,0.00064943,0,0,0,0,2.8283e-05,0,5.4936e-05,0,0,0,2.572e-06,0,0,2.8046e-07,5.9607e-08,0,0,0,0,3.642e-08,6.176e-08,0,0,0,0,0,0,0,0,0,0,0,0,0,0,0,0,0,0,0,0,0,0,0,0,0,0
0,0,0,0,0,0,0,0,0,0,0,0,0,0,0,0,0,0,0,0,0,0,0,0,0,0,0,0,0,2.5164e-12,8.0181e-13,0,0,0,0,2.0099e-07,3.9958e-07,0,0,0,7.7183e-06,0,0,0.00025383,1.2714e-06,0,0,4.4504e-07,0.00030552,0,0,0.0014496,0,0.0006434,0,0,0,0,0,0.0020145,0.0007847,0.0036219,0.0034597,0.0015182,0.0050916,0,0.0051192,0.012597,0.001403,0.0041401,0.0048767,0.0026048,0.0016061,0,0.00018294,0,0.00012606,0,0,0.00030724,0.00056604,0,0,0,0,0,0,8.1511e-06,0,0,0,1.1117e-06,0,0,0,0,0,0,1.4002e-07,1.1276e-08,3.2822e-08,7.608e-08,0,0,0,0,0,0,0,0,0,0,0,0,0,0,0,0,0,0,0,0,0,0,0,0,0,0
0,0,0,0,0,0,0,0,0,0,0,0,0,0,0,0,0,0,0,0,0,0,0,0,0,0,0,0,0,5.8956e-13,0,0,0,3.0729e-10,0,3.2013e-07,6.5619e-07,0,6.0621e-07,0,1.501e-05,0,0,0.00013982,0,0,0,0,0.0001609,0,0,0.00099384,0,1.2069e-05,0,0,0,0,0,0.00063419,0,0.00092103,0.00028396,0,0.0015385,0,0.0014362,0.0083466,0.00069089,0.0022864,0.0035602,0.0017188,0.0010147,0,9.2567e-05,0,0.0002713,0,0,0.00030408,0.00042464,0,0,0,0,0,0,0,0,0,0,9.4915e-11,0,0,0,0,0,1.0876e-07,4.1431e-07,4.9154e-08,2.8202e-08,7.8567e-08,0,0,0,0,0,0,0,0,0,0,0,0,0,0,0,0,0,0,0,0,0,0,0,0,0,0
0,0,0,0,0,0,0,0,0,0,0,0,0,0,0,0,0,0,0,0,0,0,0,0,0,0,0,0,0,0,0,0,0,3.6544e-10,0,3.5041e-07,6.6882e-07,0,9.1204e-07,0,2.396e-05,0,0,5.7195e-05,0,0,0,0,6.3373e-05,0,0,0.00066064,0,0,0,0,0,0,0,1.8255e-05,0,0.00019437,0,0,0.00034983,0,1.0524e-05,0.0052263,0.00016899,0.00099139,0.0023919,0.0010317,0.00053795,0,0,0,0.00021379,0,0,0.00015014,0.0003145,0,0,0,0,0,0,2.5047e-05,0,0,0,6.6556e-06,0,7.4275e-07,0,0,0,6.8997e-07,5.3323e-07,4.3028e-08,2.3436e-08,6.7711e-08,0,0,0,0,0,0,0,0,0,0,0,0,0,0,0,0,0,0,0,0,0,0,0,0,0,0
0,0,0,0,0,0,0,0,0,0,0,0,0,0,0,0,0,0,0,0,0,0,0,0,0,0,0,0,0,0,0,3.8512e-12,0,1.4275e-10,0,3.0259e-07,2.1859e-07,0,6.3371e-07,0,1.9863e-05,0,0,1.1835e-05,0,0,2.0029e-07,0,0,0,0,0.0004423,0,0,0,0,0,0,0,1.5398e-05,0,0.00010432,0,0,0.0001324,0,0,0.003233,0,0.00025535,0.001595,0.00043668,0.00028444,0,0,0,0.00010469,0,0,0,0.00027231,0,0,0,0,0,0,4.2635e-05,0,0,0,8.1324e-06,0,1.7194e-06,0,0,0,9.1761e-07,4.9033e-07,1.4483e-08,1.9038e-08,5.0156e-08,0,0,0,0,0,0,0,0,0,0,0,0,0,0,0,0,0,0,0,0,0,0,0,0,0,0
0,0,0,0,0,0,0,0,0,0,0,0,0,0,0,0,0,0,0,0,0,0,0,0,0,0,0,0,0,0,0,9.8848e-12,0,0,0,2.163e-07,0,0,1.4641e-07,0,1.1013e-05,0,0,0,1.6287e-07,0,9.4764e-07,0,0,0,0,0.00030551,0,0,0,0,0,0,0,1.2939e-05,0,5.7855e-05,0,0,3.3036e-05,0,0,0.0021025,0,0,0.0011613,0,0.00020667,0,0,0,2.7941e-05,0,0,0,0.00028002,0,0,0,0,0,0,4.5909e-05,0,0,0,6.0863e-06,0,1.9245e-06,0,0,0,8.4172e-07,3.5721e-07,0,1.5309e-08,3.4706e-08,0,0,0,0,0,0,0,0,0,0,0,0,0,0,0,0,0,0,0,0,0,0,0,0,0,0
0,0,0,0,0,0,0,0,0,0,0,0,0,0,0,0,0,0,0,0,0,0,0,0,0,0,0,0,0,0,0,5.8699e-12,0,2.1155e-11,0,1.3122e-07,0,0,0,0,7.5317e-06,0,0,0,2.6999e-07,0,0,0,0,0,0,0.00021468,0,0,0,0,0,0,0,9.3576e-06,0,3.3231e-05,9.8763e-05,0,0,0,0,0.0014781,0,0,0.00092278,0,0.00016527,0,0,0,0,0,0,0,0.00029851,0,0,0,0,0,0,2.5348e-05,0,0,0,3.5976e-06,0,1.6194e-06,0,0,0,6.2092e-07,2.2045e-07,0,1.2367e-08,2.621e-08,0,0,0,0,0,0,0,0,0,0,0,0,0,0,0,0,0,0,0,0,0,0,0,0,0,0
0,0,0,0,0,0,0,0,0,0,0,0,0,0,0,0,0,0,0,0,0,0,0,0,0,0,0,0,0,0,0,9.382e-15,0,2.8376e-10,0,6.8798e-08,0,0,0,0,5.4746e-06,0,0,0,3.4606e-07,0,0,0,0,0,0,0.00015043,0,0,0,0,0,0,0,5.1752e-06,0,1.7872e-05,0.00044113,0,0,0,0,0.0010834,0,0,0.00072414,0,0.00012331,0,0,0,1.8096e-05,0,0,0,0.00029786,0,0,0,0,0,0,5.9024e-06,0,0,0,1.7699e-06,0,1.1103e-06,0,0,0,3.9771e-07,1.3087e-07,0,1.0093e-08,2.3726e-08,0,0,0,0,0,0,0,0,0,0,0,0,0,0,0,0,0,0,0,0,0,0,0,0,0,0
0,0,0,0,0,0,0,0,0,0,0,0,0,0,0,0,0,0,0,0,0,0,0,0,0,0,0,0,0,0,0,0,0,5.3651e-10,6.7244e-09,3.2057e-08,0,0,0,0,5.1993e-06,0,0,0,4.3772e-07,0,0,0,0,0,0,0.00010972,0,0,0,0,0,0,0,1.317e-06,0,5.1293e-06,0.00051501,0,0,0,3.5418e-05,0.00079355,0,0,0.00049828,0,7.3265e-05,0,0,0,5.8704e-05,0,0,0,0.00026683,0,0,0,1.6171e-05,0,0,0,0,0,0,3.324e-07,0,6.3894e-07,0,0,0,2.3775e-07,9.4066e-08,0,8.2363e-09,2.3169e-08,0,0,0,0,0,0,0,0,0,0,0,0,0,0,0,0,0,0,0,0,0,0,0,0,0,0
0,0,0,0,0,0,0,0,0,0,0,0,0,0,0,0,0,0,0,0,0,0,0,0,0,0,0,0,0,0,0,7.8301e-12,0,6.2272e-10,8.7922e-09,1.4945e-08,0,0,0,0,5.0927e-06,0,0,5.3341e-07,5.2937e-07,0,0,0,0,0,0,9.366e-05,0,0,0,0,0,0,0,0,0,0,0.00032503,0,0,0,1.3453e-05,0.00059029,0,0,0.00026258,0,2.4571e-05,0,0,0,7.5833e-05,0,0,0,0.00020864,0,0,0,9.0672e-06,0,0,0,0,0,0,1.3704e-08,0,3.1858e-07,0,0,0,1.4386e-07,9.0357e-08,0,6.6232e-09,2.116e-08,0,0,0,0,0,0,0,0,0,0,0,0,0,0,0,0,0,0,0,0,0,0,0,0,0,0
0,0,0,0,0,0,0,0,0,0,0,0,0,0,0,0,0,0,0,0,0,0,0,0,0,0,0,0,0,1.0584e-13,0,4.0537e-11,0,5.3839e-10,6.9772e-09,1.3028e-08,0,0,0,0,3.7655e-06,0,0,2.4588e-07,5.7122e-07,5.6793e-07,0,0,0,0,0,9.7327e-05,0,0,0,0,0,0,0,0,0,0,6.9749e-05,0,0,0,0,0.00047322,0,0,6.7099e-05,0,0,0,0,0,6.0681e-05,0,0,1.404e-05,0.00013539,0,0,0,0,0,0,7.5038e-07,0,0,0,6.2983e-08,0,1.428e-07,0,0,0,9.5612e-08,9.6915e-08,0,5.2575e-09,1.6952e-08,0,0,0,0,0,0,0,0,0,0,0,0,0,0,0,0,0,0,0,0,0,0,0,0,0,0
0,0,0,0,0,0,0,0,0,0,0,0,0,0,0,0,0,0,0,0,0,0,0,0,0,0,0,0,0,1.245e-13,0,4.8973e-11,0,3.7792e-10,3.9643e-09,1.4889e-08,5.6205e-10,0,0,0,2.443e-06,0,0,0,5.2237e-07,6.7539e-07,0,0,0,0,0,0.0001095,2.1879e-06,0,0,0,0,0,0,0,0,0,0,0,0,0,0,0.00041248,0,0,0,0,0,0,0,0,2.4928e-05,0,0,2.2654e-05,6.3566e-05,0,0,0,0,0,0,1.9545e-06,0,0,0,9.8556e-08,0,5.1465e-08,0,0,0,7.3933e-08,9.8305e-08,0,4.2048e-09,1.1789e-08,0,0,0,0,0,0,0,0,0,0,0,0,0,0,0,0,0,0,0,0,0,0,0,0,0,0
0,0,0,0,0,0,0,0,0,0,0,0,0,0,0,0,0,0,0,0,0,0,0,0,0,0,0,0,0,5.3474e-14,0,4.0681e-11,0,2.3265e-10,1.2451e-09,1.5108e-08,9.3563e-09,0,0,0,1.5867e-06,0,0,0,3.8485e-07,0,0,0,0,0,0,0.00011833,6.0279e-06,0,0,0,0,0,0,0,0,0,0,0,6.8906e-06,0,0,0.00036178,0,0,0,0,0,0,0,0,0,0,0,2.2904e-05,8.7636e-06,2.9919e-06,0,0,0,0,0,2.3201e-06,0,0,0,1.07e-07,0,0,0,0,0,6.4904e-08,8.7669e-08,2.4796e-10,3.4318e-09,7.2389e-09,0,0,0,0,0,0,0,0,0,0,0,0,0,0,0,0,0,0,0,0,0,0,0,0,0,0
0,0,0,0,0,0,0,0,0,0,0,0,0,0,0,0,0,0,0,0,0,0,0,0,0,0,0,0,0,0,0,2.4561e-11,0,1.3985e-10,0,1.3311e-08,1.0188e-08,0,9.2995e-08,0,9.4221e-07,0,0,0,2.0474e-07,0,0,0,0,0,0,0.00011662,7.2899e-06,0,0,0,0,0,0,0,0,0,0,0,1.0114e-05,0,0,0.00029295,0,0,0,0,0,0,0,0,0,0,0,1.8921e-05,7.3327e-07,2.1003e-06,0,0,0,0,0,1.9932e-06,0,0,0,8.8184e-08,0,0,0,0,0,5.7883e-08,6.5515e-08,7.5064e-10,2.7919e-09,4.0846e-09,0,0,0,0,0,0,0,0,0,0,0,0,0,0,0,0,0,0,0,0,0,0,0,0,0,0
0,0,0,0,0,0,0,0,0,0,0,0,0,0,0,0,0,0,0,0,0,0,0,0,0,0,0,0,0,0,0,8.6928e-12,0,9.2839e-11,0,9.0497e-09,9.8781e-09,0,1.2225e-07,0,5.44e-07,0,0,7.6414e-09,4.1791e-08,0,0,0,9.706e-07,0,0,0.00010354,6.717e-06,0,0,0,0,0,0,0,0,0,0,0,7.529e-06,0,0,0.00020958,0,0,0,0,0,0,0,0,0,0,0,1.4887e-05,0,3.2964e-07,0,0,0,0,0,1.6813e-06,3.8956e-07,0,0,5.6481e-08,0,0,0,0,0,4.6456e-08,3.7813e-08,5.8701e-10,2.1467e-09,2.2365e-09,0,0,0,0,0,0,0,0,0,0,0,0,0,0,0,0,0,0,0,0,0,0,0,0,0,0
0,0,0,0,0,0,0,0,0,0,0,0,0,0,0,0,0,0,0,0,0,0,0,0,0,0,0,0,0,0,0,4.5914e-13,0,7.0237e-11,0,2.6226e-09,7.7361e-09,0,8.3363e-08,0,3.1133e-07,4.2109e-07,0,1.7056e-06,0,0,0,0,4.157e-06,0,0,8.3174e-05,1.0973e-05,0,0,0,0,0,0,0,0,8.8257e-07,0,0,3.2707e-06,0,0,0.00013269,0,0,5.9929e-07,0,0,0,0,0,0,0,0,1.2884e-05,0,9.9495e-08,0,0,0,0,0,1.0425e-06,9.013e-07,0,0,2.8425e-08,0,0,0,0,0,3.0197e-08,1.2573e-08,0,1.4724e-09,1.2153e-09,0,0,0,0,0,0,0,0,0,0,0,0,0,0,0,0,0,0,0,0,0,0,0,0,0,0
0,0,0,0,0,0,0,0,0,0,0,0,0,0,0,0,0,0,0,0,0,0,0,0,0,0,0,0,0,0,0,0,0,5.3859e-11,0,0,2.5632e-09,0,1.6888e-08,0,1.5234e-07,2.6153e-07,0,3.3411e-06,1.8617e-08,0,0,0,5.5319e-06,0,0,6.1303e-05,2.3056e-05,0,0,0,0,0,0,2.2673e-07,0,1.6517e-06,0,0,5.5138e-07,0,0,7.8681e-05,0,0,2.1488e-05,0,4.9736e-06,0,5.9931e-07,0,1.9459e-06,0,0,1.2336e-05,2.782e-07,1.543e-06,0,0,0,0,0,2.9749e-07,0,0,0,1.2343e-08,0,0,0,0,0,1.3305e-08,6.2218e-10,0,8.5047e-10,6.0666e-10,0,0,0,0,0,0,0,0,0,0,0,0,0,0,0,0,0,0,0,0,0,0,0,0,0,0
0,0,0,0,0,0,0,0,0,0,0,0,0,0,0,0,0,0,0,0,0,0,0,0,0,0,0,0,0,2.3963e-14,0,0,0,3.3739e-11,0,0,0,0,0,0,2.5409e-08,0,0,4.1871e-06,1.0596e-06,0,0,2.2542e-06,6.2594e-06,0,0,4.2429e-05,2.7449e-05,3.7071e-06,0,3.5208e-09,1.1539e-05,0,0,6.7496e-07,0,1.1221e-06,0,0,2.3619e-07,0,0,4.9277e-05,0,0,2.7772e-05,1.0026e-06,1.6564e-05,0,1.1583e-05,0,1.2288e-05,1.5272e-07,0,1.1476e-05,5.1009e-06,4.1043e-06,0,0,0,0,0,0,0,9.8699e-08,0,7.2768e-09,0,0,0,0,0,5.6163e-09,0,0,3.7797e-10,2.1755e-10,0,0,0,0,0,0,0,0,0,0,0,0,0,0,0,0,0,0,0,0,0,0,0,0,0,0
0,0,0,0,0,0,0,0,0,0,0,0,0,0,0,0,0,0,0,0,0,0,0,0,0,0,0,0,0,5.3064e-14,0,0,0,8.3777e-12,0,0,0,0,0,0,0,0,0,4.0151e-06,2.8218e-06,2.5935e-07,2.2538e-06,5.7202e-06,7.2591e-06,0,0,2.8359e-05,2.7038e-05,1.1646e-05,0,2.5429e-06,1.9156e-05,0,0,1.8977e-05,0,3.9103e-07,1.09e-06,0,1.3922e-06,0,0,3.5848e-05,0,3.7849e-06,2.4646e-05,6.6875e-06,2.1081e-05,0,1.7201e-05,2.9571e-06,1.6433e-05,1.795e-06,8.2367e-07,9.4877e-06,1.0057e-05,7.1852e-06,0,0,2.5094e-06,9.1193e-07,0,0,3.1519e-07,3.7432e-07,0,7.8655e-09,0,0,0,9.1351e-09,0,9.7734e-10,0,0,2.8855e-10,3.9142e-11,0,0,0,0,0,0,0,0,0,0,0,0,0,0,0,0,0,0,0,0,0,0,0,0,0,0
0,0,0,0,0,0,0,0,0,0,0,0,0,0,0,0,0,0,0,0,0,0,0,0,0,0,0,0,0,6.9313e-14,0,0,0,0,0,0,0,0,4.3119e-09,0,1.3763e-07,0,3.9954e-09,3.1125e-06,2.7073e-06,1.36e-06,3.7326e-06,6.183e-06,8.3867e-06,0,5.3684e-07,1.8628e-05,2.3788e-05,1.4401e-05,5.1043e-07,4.7364e-06,1.7643e-05,0,0,2.4294e-05,0,0,4.5538e-06,0,2.6343e-06,1.6544e-07,2.1973e-06,2.8592e-05,0,3.2875e-06,1.7971e-05,8.9049e-06,2.0378e-05,0,1.6752e-05,3.0542e-06,1.4513e-05,1.6966e-06,2.912e-06,6.6098e-06,1.0846e-05,7.6973e-06,0,1.878e-07,2.7819e-06,2.693e-06,8.468e-07,0,9.1062e-07,4.8759e-07,0,9.2876e-09,0,0,4.0951e-09,1.9699e-08,0,0,0,0,4.9456e-10,0,0,0,0,0,0,0,0,0,0,0,0,0,0,0,0,0,0,0,0,0,0,0,0,0,0,0
0,0,0,0,0,0,0,0,0,0,0,0,0,0,0,0,0,0,0,0,0,0,0,0,0,0,0,0,0,6.0233e-14,4.3867e-15,0,0,0,0,0,0,1.0692e-09,1.1795e-08,0,1.8872e-07,1.3574e-07,7.0482e-09,1.9937e-06,1.7994e-06,1.4068e-06,3.3858e-06,4.5224e-06,7.4712e-06,0,8.8701e-07,1.1909e-05,1.8966e-05,1.3509e-05,1.707e-06,5.2205e-06,1.256e-05,0,0,1.9334e-05,3.0976e-06,0,7.4312e-06,0,8.0906e-06,1.155e-05,1.0831e-05,2.2098e-05,7.4416e-09,6.424e-07,1.1335e-05,8.1355e-06,1.6565e-05,5.2532e-06,1.2369e-05,1.6411e-06,9.8557e-06,8.8084e-07,2.5538e-06,3.1324e-06,9.2858e-06,6.3897e-06,0,2.3366e-07,2.0186e-06,2.7965e-06,1.1528e-06,0,7.6186e-07,3.8231e-07,6.8799e-09,9.3004e-09,0,0,3.853e-09,1.5225e-08,0,0,0,0,4.3657e-10,0,0,0,0,0,0,0,0,0,0,0,0,0,0,0,0,0,0,0,0,0,0,0,0,0,0,0
0,0,0,0,0,0,0,0,0,0,0,0,0,0,0,0,0,0,0,0,0,0,0,0,0,0,0,0,0,4.2619e-14,1.0465e-14,0,0,7.5507e-13,0,0,0,1.5592e-09,7.3003e-09,0,1.6422e-07,1.4766e-07,2.3353e-09,1.0702e-06,8.1515e-07,8.7786e-07,2.2911e-06,2.3177e-06,5.5301e-06,0,5.3403e-07,7.1492e-06,1.3664e-05,1.0627e-05,8.3395e-07,3.5901e-06,7.4269e-06,0,0,1.1699e-05,4.5946e-06,0,5.9293e-06,0,1.1978e-05,2.0175e-05,1.1513e-05,1.5441e-05,4.4026e-07,2.2198e-07,6.2286e-06,5.6051e-06,1.1677e-05,7.5184e-06,6.9479e-06,5.9849e-07,5.2874e-06,5.3958e-07,1.6714e-06,4.801e-07,6.9235e-06,4.4302e-06,7.1095e-09,1.704e-07,1.1068e-06,2.0617e-06,1.0321e-06,0,3.2035e-07,2.0499e-07,1.2159e-08,7.8201e-09,0,1.3855e-09,2.0317e-10,5.3338e-09,5.2981e-10,0,0,0,2.6616e-10,4.4344e-11,0,0,0,0,0,0,0,0,0,0,0,0,0,0,0,0,0,0,0,0,0,0,0,0,0,0
0,0,0,0,0,0,0,0,0,0,0,0,0,0,0,0,0,0,0,0,0,0,0,0,0,0,0,0,0,2.652e-14,3.0627e-15,0,0,1.233e-11,0,0,0,0,9.5749e-10,0,1.1198e-07,5.7835e-08,3.6111e-10,4.982e-07,1.0667e-07,2.7702e-07,1.1865e-06,6.2183e-07,3.4962e-06,0,2.6178e-07,3.8124e-06,8.8768e-06,7.1867e-06,0,1.61e-06,3.6575e-06,0,0,5.3256e-06,3.0426e-06,0,2.0769e-06,0,9.5593e-06,1.5383e-05,8.7721e-06,9.6287e-06,3.2936e-07,0,2.9397e-06,3.009e-06,7.2836e-06,5.5486e-06,2.7185e-06,1.9132e-07,2.1703e-06,2.6234e-07,8.8883e-07,1.096e-07,4.6784e-06,2.6746e-06,9.3432e-08,8.1429e-08,4.2088e-07,1.1757e-06,6.6801e-07,0,5.7365e-08,5.2708e-08,8.7194e-09,5.66e-09,0,2.8178e-09,0,0,1.3002e-10,0,0,0,1.1338e-10,8.6746e-11,0,0,0,0,0,0,0,0,0,0,0,0,0,0,0,0,0,0,0,0,0,0,0,0,0,0
0,0,0,0,0,0,0,0,0,0,0,0,0,0,0,0,0,0,0,0,0,0,0,0,0,0,0,0,0,1.5335e-14,0,0,0,1.3221e-11,0,0,0,0,0,0,6.3309e-08,0,1.6533e-09,2.2703e-07,0,0,4.1256e-07,0,1.9058e-06,0,6.244e-08,1.6756e-06,5.2342e-06,4.1828e-06,0,1.5779e-07,1.3819e-06,0,0,1.4013e-06,8.0918e-07,0,0,0,5.6031e-06,7.6432e-06,5.6658e-06,5.4751e-06,2.779e-08,0,1.1969e-06,1.2173e-06,4.1766e-06,2.8695e-06,3.0887e-07,3.1228e-08,5.937e-07,6.3172e-08,3.4549e-07,0,2.9356e-06,1.4591e-06,1.1443e-07,1.3989e-08,2.9378e-08,5.0933e-07,3.1088e-07,0,0,0,3.6196e-09,3.5907e-09,0,2.6175e-09,0,0,0,0,2.7515e-11,0,1.7943e-11,9.0941e-11,0,0,0,0,0,0,0,0,0,0,0,0,0,0,0,0,0,0,0,0,0,0,0,0,0,0
0,0,0,0,0,0,0,0,0,0,0,0,0,0,0,0,0,0,0,0,0,0,0,0,0,0,0,0,0,8.6151e-15,0,0,0,9.5354e-12,0,0,0,0,0,0,3.0317e-08,0,3.5171e-09,1.2696e-07,0,0,1.8327e-08,0,8.9132e-07,0,0,5.4601e-07,2.8484e-06,2.0668e-06,0,0,2.2949e-07,0,0,0,0,0,0,0,2.4758e-06,1.7544e-06,3.3469e-06,2.9737e-06,0,0,4.8933e-07,2.6386e-07,2.3713e-06,9.8148e-07,0,9.9462e-08,1.3839e-07,0,2.5405e-09,0,1.7418e-06,7.4858e-07,7.5915e-08,0,0,1.7662e-07,9.1006e-08,0,0,0,0,2.0039e-09,0,2.1016e-09,0,0,0,4.7647e-11,9.8156e-11,0,0,7.0386e-11,0,0,0,0,0,0,0,0,0,0,0,0,0,0,0,0,0,0,0,0,0,0,0,0,0,0
0,0,0,0,0,0,0,0,0,0,0,0,0,0,0,0,0,0,0,0,0,0,0,0,0,0,0,0,0,4.7603e-15,0,0,0,5.233e-12,0,0,0,0,0,0,1.4048e-08,0,3.9844e-09,9.0313e-08,3.1788e-10,0,0,0,3.4324e-07,0,0,8.1368e-08,1.4559e-06,8.3326e-07,0,0,0,0,0,0,0,0,0,0,6.9903e-07,0,1.9688e-06,1.6289e-06,0,0,2.9475e-07,0,1.4494e-06,2.176e-07,0,7.5105e-08,4.3385e-08,0,0,0,9.8449e-07,3.7029e-07,1.2909e-08,0,0,4.2492e-08,0,8.4341e-09,0,0,0,9.6196e-10,0,1.7394e-09,0,0,0,1.0183e-10,1.6412e-10,0,7.5492e-13,4.4871e-11,0,0,0,0,0,0,0,0,0,0,0,0,0,0,0,0,0,0,0,0,0,0,0,0,0,0
0,0,0,0,0,0,0,0,0,0,0,0,0,0,0,0,0,0,0,0,0,0,0,0,0,0,0,0,0,2.4797e-15,0,1.2656e-15,0,2.0157e-12,0,0,0,0,8.9094e-11,0,7.163e-09,8.3006e-10,2.8062e-09,6.4855e-08,3.9196e-10,0,0,0,1.2476e-07,0,0,0,6.9274e-07,2.3952e-07,0,0,0,0,0,0,0,0,0,0,1.3157e-07,0,1.2176e-06,9.2363e-07,0,0,2.4887e-07,0,9.602e-07,7.2319e-08,0,3.0757e-08,2.8982e-08,0,0,0,5.2199e-07,1.6971e-07,0,0,0,0,0,1.3653e-08,0,0,0,3.629e-10,0,1.5008e-09,0,0,0,9.0129e-11,1.687e-10,0,1.9409e-12,2.6138e-11,0,0,0,0,0,0,0,0,0,0,0,0,0,0,0,0,0,0,0,0,0,0,0,0,0,0
0,0,0,0,0,0,0,0,0,0,0,0,0,0,0,0,0,0,0,0,0,0,0,0,0,0,0,0,0,1.0942e-15,0,2.4023e-15,0,1.5698e-13,0,0,0,0,4.2721e-10,0,3.1493e-09,0,8.6381e-10,3.949e-08,2.4176e-10,0,0,0,3.8785e-08,0,0,0,2.798e-07,3.9413e-08,0,0,0,0,0,0,0,0,5.6789e-08,0,4.1728e-08,0,7.7625e-07,5.2872e-07,0,0,1.9477e-07,0,6.3381e-07,3.716e-08,0,1.5493e-08,1.5698e-08,0,0,0,2.463e-07,8.8588e-08,0,0,0,0,0,9.8271e-09,0,0,0,6.4903e-11,0,1.2526e-09,0,0,0,6.6721e-11,1.3793e-10,0,2.4132e-12,1.5879e-11,0,0,0,0,0,0,0,0,0,0,0,0,0,0,0,0,0,0,0,0,0,0,0,0,0,0
0,0,0,0,0,0,0,0,0,0,0,0,0,0,0,0,0,0,0,0,0,0,0,0,0,0,0,0,0,3.344e-16,0,6.374e-15,0,0,0,6.3466e-13,0,0,4.3624e-10,0,1.6725e-09,9.9255e-11,0,1.8433e-08,1.4766e-10,0,0,0,1.5851e-10,0,0,1.1172e-09,6.3285e-08,0,0,0,0,0,0,0,0,0,1.132e-07,0,8.4762e-10,0,4.7966e-07,2.913e-07,0,0,1.1838e-07,0,3.8168e-07,2.4781e-08,0,3.1879e-08,4.0698e-10,0,0,0,9.2072e-08,4.0038e-08,0,0,0,0,0,3.5271e-09,0,0,0,1.6398e-09,0,9.5076e-10,0,0,0,5.4735e-11,9.1567e-11,0,2.4997e-12,1.0861e-11,0,0,0,0,0,0,0,0,0,0,0,0,0,0,0,0,0,0,0,0,0,0,0,0,0,0
0,0,0,0,0,0,0,0,0,0,0,0,0,0,0,0,0,0,0,0,0,0,0,0,0,0,0,0,0,9.9867e-17,0,1.4748e-14,0,0,0,4.7458e-12,0,0,3.2682e-10,0,8.9748e-10,2.6831e-10,0,5.3119e-09,1.1852e-10,0,0,0,0,0,0,1.5918e-08,5.6208e-10,0,0,0,0,0,0,0,0,0,8.5031e-08,0,0,0,2.771e-07,1.4846e-07,0,0,5.1243e-08,0,1.9854e-07,1.2108e-08,0,5.1711e-08,0,0,0,0,2.0578e-08,1.3038e-08,0,0,0,1.0853e-09,0,0,0,0,0,2.1488e-09,0,7.2656e-10,0,8.2002e-12,0,6.044e-11,4.8525e-11,0,2.248e-12,7.8453e-12,0,0,0,0,0,0,0,0,0,0,0,0,0,0,0,0,0,0,0,0,0,0,0,0,0,0
0,0,0,0,0,0,0,0,0,0,0,0,0,0,0,0,0,0,0,0,0,0,0,0,0,0,0,0,0,1.4077e-17,0,1.5863e-14,0,1.4589e-13,5.3351e-13,1.1361e-11,0,0,2.009e-10,0,4.2277e-10,2.5394e-10,0,0,1.0375e-10,0,0,0,0,0,0,1.7821e-08,0,0,0,0,0,0,0,0,0,0,4.3043e-08,0,0,1.451e-10,1.4671e-07,6.8171e-08,0,0,1.2284e-08,0,8.6039e-08,1.6368e-09,0,5.1436e-08,0,0,0,0,0,1.3493e-09,0,0,0,1.4878e-09,0,0,4.3095e-10,0,0,1.5776e-09,2.3111e-10,5.0052e-10,0,6.921e-12,0,4.982e-11,1.9491e-11,0,1.7397e-12,5.3796e-12,0,0,0,0,0,0,0,0,0,0,0,0,0,0,0,0,0,0,0,0,0,0,0,0,0,0
0,0,0,0,0,0,0,0,0,0,0,0,0,0,0,0,0,0,0,0,0,0,0,0,0,0,0,0,0,0,0,1.0829e-14,0,1.526e-13,1.0914e-12,9.9369e-12,0,0,1.0206e-10,0,1.7893e-10,1.5562e-10,0,0,7.8932e-11,0,0,0,0,0,0,1.354e-08,0,6.2907e-09,0,0,0,0,0,0,0,0,1.2845e-08,0,0,4.4491e-08,7.2469e-08,2.7732e-08,0,0,0,0,2.9745e-08,0,0,3.683e-08,0,0,0,0,0,0,0,0,0,1.1185e-09,0,1.1958e-09,5.8448e-10,0,0,8.2695e-10,3.3103e-10,3.0342e-10,0,0,0,3.3732e-11,5.0442e-12,0,1.1398e-12,3.3083e-12,0,0,0,0,0,0,0,0,0,0,0,0,0,0,0,0,0,0,0,0,0,0,0,0,0,0
0,0,0,0,0,0,0,0,0,0,0,0,0,0,0,0,0,0,0,0,0,0,0,0,0,0,0,0,0,0,0,4.9583e-15,0,9.4604e-14,7.4537e-13,6.2208e-12,0,0,4.0288e-11,0,7.554e-11,5.836e-11,0,0,4.8121e-11,0,0,0,0,0,0,8.1534e-09,0,9.9259e-09,0,0,0,2.9429e-11,0,0,1.0136e-09,0,0,0,5.8318e-09,5.6585e-08,3.5461e-08,1.0249e-08,0,0,0,0,7.4812e-09,0,0,1.9387e-08,0,0,0,0,0,0,0,0,0,6.2815e-10,0,1.083e-09,3.4671e-10,0,0,2.7943e-10,1.2955e-10,1.5967e-10,0,0,0,1.9538e-11,1.1025e-12,0,6.1597e-13,1.8117e-12,0,0,0,0,0,0,0,0,0,0,0,0,0,0,0,0,0,0,0,0,0,0,0,0,0,0
0,0,0,0,0,0,0,0,0,0,0,0,0,0,0,0,0,0,0,0,0,0,0,0,0,0,0,0,0,3.9918e-18,0,1.1931e-15,0,4.3909e-14,3.4698e-13,3.1222e-12,2.314e-13,0,9.1797e-12,0,4.0971e-11,5.9016e-13,0,0,2.2541e-11,0,0,0,0,0,0,4.0035e-09,0,8.7358e-09,0,0,0,6.0834e-10,0,0,3.4727e-09,2.2252e-09,0,0,1.8019e-08,4.1846e-08,1.7689e-08,4.2937e-09,0,2.7682e-10,0,0,9.4962e-10,0,0,6.7208e-09,0,0,0,0,0,0,0,0,0,2.9247e-11,0,5.5024e-10,2.2089e-10,0,0,5.9259e-12,0,6.9412e-11,0,0,0,9.8686e-12,6.0945e-13,0,2.6019e-13,9.0848e-13,0,0,0,0,0,0,0,0,0,0,0,0,0,0,0,0,0,0,0,0,0,0,0,0,0,0
0,0,0,0,0,0,0,0,0,0,0,0,0,0,0,0,0,0,0,0,0,0,0,0,0,0,0,0,0,4.8717e-18,0,0,0,1.5826e-14,1.3247e-13,1.3453e-12,0,0,0,0,3.0755e-11,0,0,0,7.4063e-12,0,0,0,0,0,0,1.6044e-09,8.7438e-11,5.6714e-09,0,5.5029e-10,0,3.5937e-10,0,0,2.975e-09,2.4101e-09,0,4.802e-10,1.8181e-08,2.3921e-08,8.7041e-09,3.041e-09,0,6.3969e-10,0,0,2.3843e-10,4.4468e-10,0,4.0717e-10,0,0,0,0,8.2253e-10,0,0,0,0,0,0,2.099e-10,7.5528e-11,0,0,0,0,2.0751e-11,0,0,0,4.3954e-12,3.6965e-13,0,7.3539e-14,4.4304e-13,0,0,0,0,0,0,0,0,0,0,0,0,0,0,0,0,0,0,0,0,0,0,0,0,0,0
0,0,0,0,0,0,0,0,0,0,0,0,0,0,0,0,0,0,0,0,0,0,0,0,0,0,0,0,1.0124e-19,3.4701e-18,0,0,0,4.2305e-15,5.428e-14,5.6085e-13,0,0,0,0,2.427e-11,0,0,2.7158e-11,1.1214e-12,0,0,0,0,0,0,5.7047e-10,1.1429e-09,2.5517e-09,0,6.196e-10,0,7.6611e-11,0,0,1.9183e-09,9.8381e-10,0,0,1.2433e-08,1.0768e-08,4.05e-09,2.9457e-09,0,3.919e-10,0,0,1.225e-10,1.2879e-09,0,0,0,0,0,0,7.1731e-10,5.3738e-11,0,1.1651e-11,0,0,0,6.8188e-11,1.4338e-11,0,0,0,0,6.3142e-12,0,0,0,1.7565e-12,2.4195e-13,0,3.5879e-15,2.2519e-13,0,0,0,0,0,0,0,0,0,0,0,0,0,0,0,0,0,0,0,0,0,0,0,0,0,0
0,0,0,0,0,0,0,0,0,0,0,0,0,0,0,0,0,0,0,0,0,0,0,0,0,0,0,0,8.2135e-20,1.7647e-18,0,0,0,4.5671e-16,2.45e-14,2.7001e-13,0,0,0,0,1.6512e-11,0,0,5.3397e-11,0,0,0,0,0,0,0,2.8143e-10,1.1603e-09,6.2461e-10,0,1.7523e-10,0,0,0,0,8.8697e-10,0,0,0,6.6669e-09,3.4234e-09,1.7944e-09,2.642e-09,0,9.5242e-11,0,0,3.6901e-10,8.4362e-10,0,0,0,0,0,0,3.2186e-10,2.7308e-11,0,1.2304e-11,0,0,0,2.1399e-11,0,0,0,0,0,2.4756e-12,0,0,0,6.5886e-13,2.6991e-13,0,0,1.2156e-13,0,0,0,0,0,0,0,0,0,0,0,0,0,0,0,0,0,0,0,0,0,0,0,0,0,0
0,0,0,0,0,0,0,0,0,0,0,0,0,0,0,0,0,0,0,0,0,0,0,0,0,0,0,0,7.6512e-21,6.5043e-19,0,0,0,0,3.9604e-15,1.5458e-13,0,0,0,0,8.9738e-12,0,0,3.3616e-11,0,6.8605e-12,0,0,0,0,0,2.5676e-10,6.7669e-10,0,0,0,0,0,0,0,2.1581e-10,0,0,0,2.9314e-09,3.7734e-10,8.4801e-10,1.9797e-09,0,0,0,0,4.6502e-10,3.2642e-10,0,0,0,0,0,0,6.8737e-11,7.9359e-12,0,4.2843e-12,0,0,0,1.3909e-11,0,0,0,0,0,2.5e-13,0,0,0,2.5026e-13,1.8338e-13,0,0,6.6067e-14,0,0,0,0,0,0,0,0,0,0,0,0,0,0,0,0,0,0,0,0,0,0,0,0,0,0
0,0,0,0,0,0,0,0,0,0,0,0,0,0,0,0,0,0,0,0,0,0,0,0,0,0,0,0,0,1.5653e-19,0,7.0541e-19,0,0,0,8.8102e-14,0,0,0,0,3.6062e-12,0,0,1.7238e-11,0,1.5124e-11,0,0,0,0,0,2.5686e-10,3.3503e-10,0,0,0,0,0,0,0,0,0,0,0,1.0806e-09,0,4.9083e-10,1.2394e-09,0,0,0,0,4.3351e-10,1.1855e-10,0,0,3.3261e-11,0,0,0,2.0518e-11,1.3023e-11,0,0,0,0,0,7.7752e-12,0,0,0,2.4992e-12,0,0,0,0,0,1.0058e-13,9.1366e-14,0,5.2719e-16,3.364e-14,0,0,0,0,0,0,0,0,0,0,0,0,0,0,0,0,0,0,0,0,0,0,0,0,0,0
0,0,0,0,0,0,0,0,0,0,0,0,0,0,0,0,0,0,0,0,0,0,0,0,0,0,0,0,0,2.2269e-20,1.685e-18,0,0,0,0,4.2093e-14,0,0,0,0,7.877e-13,0,1.4426e-12,1.1414e-11,0,1.3679e-11,0,0,0,0,0,2.1937e-10,1.7568e-10,0,0,0,0,0,0,0,0,0,0,0,3.4537e-10,0,3.2534e-10,6.6135e-10,0,0,0,0,3.3684e-10,3.1633e-11,0,5.5489e-11,4.8698e-11,0,0,7.757e-12,1.2271e-11,2.3195e-11,0,0,0,0,0,2.5836e-12,0,0,0,2.5577e-12,0,0,0,0,0,3.1908e-14,3.1049e-14,0,2.0538e-15,1.5295e-14,0,0,0,0,0,0,0,0,0,0,0,0,0,0,0,0,0,0,0,0,0,0,0,0,0,0
0,0,0,0,0,0,0,0,0,0,0,0,0,0,0,0,0,0,0,0,0,0,0,0,0,0,0,0,0,2.3771e-20,4.2646e-18,0,0,0,4.8743e-16,1.4254e-14,0,0,0,0,7.7193e-14,0,1.5572e-12,9.9956e-12,0,1.0698e-11,0,0,4.9377e-12,0,4.9344e-12,1.583e-10,1.0465e-10,2.6395e-11,0,4.2074e-12,0,6.0638e-14,0,0,0,0,0,0,1.0846e-10,0,2.0679e-10,3.1074e-10,0,0,1.5105e-12,0,2.2622e-10,1.1483e-11,1.7875e-12,7.998e-11,4.1753e-11,0,0,4.1928e-11,1.2105e-11,3.0013e-11,0,0,0,6.4212e-12,0,0,0,0,0,7.7316e-13,0,5.0757e-14,0,1.1192e-14,0,2.1807e-16,2.9265e-15,0,1.6265e-15,6.1076e-15,0,0,0,0,0,0,0,0,0,0,0,0,0,0,0,0,0,0,0,0,0,0,0,0,0,0
0,0,0,0,0,0,0,0,0,0,0,0,0,0,0,0,0,0,0,0,0,0,0,0,0,0,0,0,0,8.2398e-20,3.2442e-18,0,0,8.7579e-17,3.3578e-15,2.0665e-15,0,0,0,0,6.3663e-13,0,0,8.4145e-12,0,8.1826e-12,0,4.4129e-12,1.4495e-11,0,9.9546e-14,9.8785e-11,6.3126e-11,6.7102e-11,0,1.7117e-11,9.0346e-12,2.4937e-11,0,0,0,3.3001e-12,0,0,4.5324e-11,3.9074e-11,1.1485e-10,1.3576e-10,0,0,3.3964e-11,2.6757e-12,1.3295e-10,2.1275e-11,2.6513e-11,6.1562e-11,3.5506e-11,0,0,4.1866e-11,2.3076e-11,3.1822e-11,0,0,0,1.6843e-11,0,0,2.7468e-13,0,0,0,0,1.0586e-13,0,1.5649e-13,0,0,0,0,8.2296e-16,2.1968e-15,0,0,0,0,0,0,0,0,0,0,0,0,0,0,0,0,0,0,0,0,0,0,0,0,0,0
0,0,0,0,0,0,0,0,0,0,0,0,0,0,0,0,0,0,0,0,0,0,0,0,0,0,0,0,0,9.4395e-20,1.5866e-18,0,0,1.0362e-16,2.3806e-15,3.3936e-16,0,0,0,9.5355e-14,6.217e-13,0,0,5.9681e-12,2.0631e-12,5.7566e-12,0,6.3004e-12,1.2588e-11,0,0,5.4185e-11,3.4388e-11,6.0123e-11,1.9232e-15,1.933e-11,1.1428e-11,1.8621e-11,2.0683e-12,0,5.6674e-12,9.2037e-12,5.3873e-12,0,2.8635e-11,4.6668e-11,5.5653e-11,5.9255e-11,0,0,3.2658e-11,1.1e-11,6.8354e-11,2.4232e-11,2.5082e-11,3.8533e-11,1.9385e-11,0,0,2.3781e-11,2.1137e-11,1.9871e-11,0,0,6.7795e-13,1.2956e-11,0,0,4.3965e-13,0,0,0,0,2.1192e-14,0,1.2077e-13,0,0,0,0,2.919e-16,7.9159e-16,0,0,0,0,0,0,0,0,0,0,0,0,0,0,0,0,0,0,0,0,0,0,0,0,0,0
0,0,0,0,0,0,0,0,0,0,0,0,0,0,0,0,0,0,0,0,0,0,0,0,0,0,0,0,0,7.2355e-20,4.542e-19,0,0,5.8472e-17,1.0089e-15,0,0,4.8605e-16,0,1.2154e-13,4.3239e-13,0,9.1411e-15,3.5391e-12,1.814e-12,3.3724e-12,0,3.7182e-12,7.6577e-12,0,0,2.6209e-11,1.6239e-11,3.8733e-11,2.4916e-12,1.124e-11,7.564e-12,6.3518e-12,4.5405e-12,1.0252e-11,5.7894e-12,5.11e-12,6.3388e-12,0,2.0467e-11,2.4959e-11,2.5446e-11,2.6917e-11,0,2.8161e-13,2.0805e-11,9.9968e-12,3.0299e-11,1.6098e-11,1.3225e-11,2.052e-11,7.8092e-12,0,1.3481e-13,9.1759e-12,1.4052e-11,9.0541e-12,0,1.7143e-13,1.0223e-12,7.0046e-12,4.4645e-13,0,2.9403e-13,0,0,1.925e-15,0,0,0,5.8313e-14,0,0,0,0,6.6417e-17,3.4313e-16,0,0,0,0,0,0,0,0,0,0,0,0,0,0,0,0,0,0,0,0,0,0,0,0,0,0
0,0,0,0,0,0,0,0,0,0,0,0,0,0,0,0,0,0,0,0,0,0,0,0,0,0,0,0,0,4.3453e-20,1.9029e-20,0,0,2.148e-17,2.1272e-16,0,0,2.6178e-15,0,6.7461e-14,2.4443e-13,1.2611e-13,6.9395e-14,1.7892e-12,9.2301e-13,1.6493e-12,0,1.2888e-12,3.6592e-12,0,0,1.0996e-11,6.683e-12,2.0396e-11,0,4.4269e-12,3.636e-12,1.0766e-12,3.2434e-12,1.1965e-11,2.3513e-12,2.5477e-12,1.248e-12,0,1.324e-11,7.1129e-12,1.2594e-11,1.2289e-11,0,6.5153e-13,1.0467e-11,5.2112e-12,1.1069e-11,7.9386e-12,4.8098e-12,9.8393e-12,2.289e-12,0,0,2.3583e-12,7.5282e-12,3.1322e-12,0,2.0134e-13,5.5845e-13,2.9933e-12,5.5752e-13,0,3.806e-14,0,0,0,0,0,0,1.9805e-14,0,0,0,0,5.7498e-18,1.8713e-16,0,0,0,0,0,0,0,0,0,0,0,0,0,0,0,0,0,0,0,0,0,0,0,0,0,0
0,0,0,0,0,0,0,0,0,0,0,0,0,0,0,0,0,0,0,0,0,0,0,0,0,0,0,0,0,2.1223e-20,0,5.2154e-20,0,3.8507e-18,0,2.7283e-17,0,9.951e-16,0,1.9837e-14,1.1402e-13,1.6678e-13,5.4382e-14,7.8756e-13,3.1007e-13,6.3006e-13,0,1.4816e-13,1.3945e-12,0,0,3.776e-12,2.4649e-12,9.2148e-12,0,1.2447e-12,1.5021e-12,3.1887e-13,1.8503e-12,9.0289e-12,8.8634e-13,1.9578e-12,0,0,7.0395e-12,0,7.0991e-12,5.2806e-12,0,4.0788e-13,4.3494e-12,1.2768e-12,2.8641e-12,3.3008e-12,1.2332e-12,4.3429e-12,6.4355e-13,0,0,7.1533e-14,3.4176e-12,1.1732e-12,0,1.2539e-13,1.8783e-13,1.0315e-12,3.5674e-13,0,0,0,0,0,0,8.7744e-15,0,3.9774e-15,0,0,2.1766e-17,0,9.9082e-19,1.1061e-16,0,0,0,0,0,0,0,0,0,0,0,0,0,0,0,0,0,0,0,0,0,0,0,0,0,0
0,0,0,0,0,0,0,0,0,0,0,0,0,0,0,0,0,0,0,0,0,0,0,0,0,0,0,0,0,8.3794e-21,0,7.8112e-20,0,0,0,4.8251e-17,0,0,1.2129e-17,0,4.2164e-14,1.0186e-13,3.3572e-14,3.0746e-13,3.3196e-14,1.3677e-13,0,0,3.9628e-13,0,1.0387e-14,8.5961e-13,8.3795e-13,3.6331e-12,0,3.1762e-13,6.9309e-13,2.0472e-14,1.0659e-12,5.7158e-12,5.1297e-13,1.7601e-12,0,0,2.7387e-12,0,4.0461e-12,2.0972e-12,0,1.9006e-13,1.4647e-12,3.848e-15,3.0568e-13,1.4102e-12,1.8222e-13,1.7591e-12,2.5276e-13,0,0,0,1.3736e-12,4.1366e-13,0,5.1717e-14,3.0668e-14,2.7198e-13,1.5289e-13,0,0,0,0,0,0,7.3837e-15,0,1.3344e-16,0,0,4.7945e-17,0,4.9576e-18,6.3292e-17,0,0,0,0,0,0,0,0,0,0,0,0,0,0,0,0,0,0,0,0,0,0,0,0,0,0
0,0,0,0,0,0,0,0,0,0,0,0,0,0,0,0,0,0,0,0,0,0,0,0,0,0,0,0,0,2.5371e-21,0,4.2681e-20,0,0,7.1709e-19,3.6054e-17,0,0,0,0,1.19e-14,4.2213e-14,1.1669e-14,1.0786e-13,7.5591e-16,0,0,0,5.8422e-14,0,0,0,2.5324e-13,1.2307e-12,0,1.4776e-13,4.7548e-13,0,6.713e-13,3.1956e-12,5.0911e-13,1.383e-12,0,2.2487e-14,4.4191e-13,0,2.0206e-12,8.3854e-13,0,8.0288e-14,3.3832e-13,0,0,4.6881e-13,1.9145e-16,6.3179e-13,1.1413e-13,0,0,0,5.192e-13,1.4475e-13,0,1.1394e-14,0,5.06e-14,3.5727e-14,0,0,0,0,0,0,2.9161e-15,0,1.8655e-17,0,0,4.007e-17,0,6.0488e-18,3.4087e-17,0,0,0,0,0,0,0,0,0,0,0,0,0,0,0,0,0,0,0,0,0,0,0,0,0,0
0,0,0,0,0,0,0,0,0,0,0,0,0,0,0,0,0,0,0,0,0,0,0,0,0,0,0,0,0,7.2843e-22,0,1.4579e-20,0,0,9.6203e-18,1.917e-17,0,0,0,0,2.4255e-15,1.1249e-14,3.0835e-15,3.4014e-14,1.1803e-16,0,0,0,0,0,0,0,4.9432e-14,3.267e-13,0,9.0659e-14,3.3404e-13,0,4.3147e-13,1.5984e-12,6.3368e-13,8.8939e-13,0,1.7631e-13,0,2.7682e-15,8.5334e-13,3.9579e-13,0,3.4359e-14,3.0211e-16,0,0,9.3588e-14,0,1.8127e-13,5.6353e-14,0,0,0,1.991e-13,7.4998e-14,0,0,0,0,0,0,0,0,0,0,0,6.0327e-16,0,0,0,1.6272e-18,3.0895e-17,0,4.6918e-18,1.7293e-17,0,0,0,0,0,0,0,0,0,0,0,0,0,0,0,0,0,0,0,0,0,0,0,0,0,0
0,0,0,0,0,0,0,0,0,0,0,0,0,0,0,0,0,0,0,0,0,0,0,0,0,0,0,0,0,1.7101e-22,0,2.3126e-21,0,0,6.5502e-18,1.169e-17,0,0,0,0,1.5401e-15,3.8619e-16,1.8995e-17,9.2959e-15,0,0,0,2.0862e-15,0,0,0,0,4.1758e-16,3.9019e-14,0,6.8819e-14,1.9437e-13,0,2.7571e-13,7.1606e-13,5.461e-13,4.6199e-13,0,1.4415e-13,0,3.1161e-15,2.7498e-13,2.2264e-13,0,1.528e-14,0,0,0,0,0,2.6731e-14,2.7697e-14,0,0,0,8.1056e-14,4.6008e-14,0,0,0,0,0,0,0,0,0,0,0,9.2394e-17,0,0,0,4.8991e-17,1.4542e-17,0,2.8331e-18,8.2244e-18,0,0,0,0,0,0,0,0,0,0,0,0,0,0,0,0,0,0,0,0,0,0,0,0,0,0
0,0,0,0,0,0,0,0,0,0,0,0,0,0,0,0,0,0,0,0,0,0,0,0,0,0,0,0,0,3.5559e-23,0,2.3725e-21,0,0,3.023e-18,9.7018e-18,0,0,0,0,7.9433e-16,0,0,1.7666e-15,0,0,0,3.7998e-15,0,0,0,0,0,6.3284e-15,0,3.933e-14,9.12e-14,0,1.5173e-13,2.8769e-13,3.444e-13,1.9954e-13,0,8.08e-14,0,1.941e-15,5.6939e-14,1.2664e-13,0,6.7508e-15,0,0,0,0,0,0,1.2743e-14,0,0,0,3.3863e-14,2.0274e-14,0,0,0,0,0,4.9505e-16,0,0,0,0,0,2.1839e-17,0,0,0,5.2369e-17,6.3657e-18,9.9781e-19,1.4223e-18,3.5835e-18,0,0,0,0,0,0,0,0,0,0,0,0,0,0,0,0,0,0,0,0,0,0,0,0,0,0
0,0,0,0,0,0,0,0,0,0,0,0,0,0,0,0,0,0,0,0,0,0,0,0,0,0,0,0,0,9.8501e-24,0,2.6519e-21,0,0,9.9297e-19,5.6277e-18,3.0246e-18,0,0,0,3.2568e-16,0,0,0,0,0,0,1.0164e-15,0,0,0,0,0,0,0,1.5862e-14,3.4332e-14,0,7.1413e-14,1.0468e-13,1.7222e-13,7.2976e-14,0,3.5917e-14,0,7.9262e-15,1.8322e-15,6.5066e-14,0,2.8453e-15,0,0,0,0,0,0,5.3481e-15,0,0,1.1647e-15,1.3482e-14,5.4662e-15,0,0,0,0,0,1.1733e-15,5.4565e-16,0,1.0564e-19,0,0,2.3829e-17,0,0,0,3.4613e-17,2.8068e-18,1.6151e-18,5.9846e-19,1.3698e-18,0,0,0,0,0,0,0,0,0,0,0,0,0,0,0,0,0,0,0,0,0,0,0,0,0,0
0,0,0,0,0,0,0,0,0,0,0,0,0,0,0,0,0,0,0,0,0,0,0,0,0,0,0,0,0,3.4048e-24,0,1.2921e-21,0,3.5697e-21,1.391e-19,2.2218e-18,2.984e-18,0,0,0,1.0855e-16,0,0,0,0,0,0,0,0,0,0,0,0,0,0,3.4279e-15,1.0144e-14,0,2.9339e-14,3.5314e-14,7.017e-14,2.3357e-14,0,1.2919e-14,0,2.4846e-16,0,2.9598e-14,0,1.1433e-15,0,0,0,0,0,0,2.144e-15,0,0,1.134e-15,4.8084e-15,5.1496e-16,0,0,0,0,0,9.4083e-16,4.1533e-16,0,6.2902e-17,1.5621e-19,0,1.8558e-17,0,0,0,1.6962e-17,1.1484e-18,9.2714e-19,2.018e-19,4.2101e-19,0,0,0,0,0,0,0,0,0,0,0,0,0,0,0,0,0,0,0,0,0,0,0,0,0,0
0,0,0,0,0,0,0,0,0,0,0,0,0,0,0,0,0,0,0,0,0,0,0,0,0,0,0,0,0,1.4787e-25,0,1.3438e-22,0,3.1805e-21,0,4.3636e-19,1.7015e-18,0,0,0,2.8898e-17,8.1654e-18,0,0,0,0,0,0,0,0,0,0,0,0,2.8008e-15,2.1876e-16,2.1271e-15,0,1.0789e-14,1.148e-14,2.3183e-14,7.3644e-15,0,3.5288e-15,0,4.8083e-18,0,1.2343e-14,0,4.5185e-16,0,0,0,0,0,0,1.6134e-15,0,0,6.9574e-16,1.4721e-15,0,2.591e-16,0,0,0,0,4.9998e-16,1.8918e-16,0,2.0077e-17,2.6924e-17,0,9.2275e-18,0,0,0,6.1416e-18,4.2866e-19,5.0566e-19,4.5556e-20,7.6143e-20,0,0,0,0,0,0,0,0,0,0,0,0,0,0,0,0,0,0,0,0,0,0,0,0,0,0
0,0,0,0,0,0,0,0,0,0,0,0,0,0,0,0,0,0,0,0,0,0,0,0,0,0,0,0,0,0,0,0,4.0658e-21,2.054e-22,0,0,1.2338e-18,0,0,1.0711e-17,5.4234e-18,1.9276e-17,5.6119e-17,1.611e-17,0,0,0,0,0,0,0,0,0,0,3.1707e-15,0,5.0387e-16,0,3.71e-15,3.7611e-15,5.8869e-15,2.9597e-15,1.9614e-16,4.9293e-16,0,0,8.1061e-16,5.0345e-15,3.5863e-15,1.828e-16,3.6308e-17,0,0,0,0,0,9.2402e-16,0,0,5.224e-16,3.7184e-16,0,6.4681e-16,1.0762e-20,0,0,3.5339e-17,1.88e-16,5.5393e-17,1.0038e-17,0,3.1102e-17,3.2965e-17,3.0927e-18,0,0,0,1.3649e-18,1.6124e-19,2.3025e-19,0,0,0,0,0,0,0,0,0,0,0,0,0,0,0,0,0,0,0,0,0,0,0,0,0,0,0,0
